Date,T,R,LEta,agr,sig_agr,bgr,sig_bgr,Mc,sig_Mc
2006-08-12 00:12:42,205.89923262187207,5.193800419121265,1069.399520688226,4.456832486904622,0.06794876456417458,0.9841983006554469,0.03902179304120701,1.6,0.017058722109231997
2006-08-14 21:40:25,81270.9508269151,0.3759230013789513,30551.619759775087,4.456832486904622,0.06794876456417458,0.9841983006554469,0.03902179304120701,1.6,0.017058722109231997
2006-08-15 07:03:02,38703.16329277974,0.27400211626634774,10604.748648423676,4.456832486904622,0.06794876456417458,0.9841983006554469,0.03902179304120701,1.6,0.017058722109231997
2006-08-15 07:04:41,6.5915142392851855,3.1544093939404263,20.792334436693274,4.456832486904622,0.06794876456417458,0.9841983006554469,0.03902179304120701,1.6,0.017058722109231997
2006-08-15 15:17:14,1974.258386093781,8.991433751942338,17751.41348777883,4.456832486904622,0.06794876456417458,0.9841983006554469,0.03902179304120701,1.6,0.017058722109231997
2006-08-15 15:55:41,2127.8606421546992,2.9441339858245783,6264.706833666161,4.456832486904622,0.06794876456417458,0.9841983006554469,0.03902179304120701,1.6,0.017058722109231997
2006-08-16 20:12:28,8906.267613456788,2.6774950627772016,23846.487562803042,4.456832486904622,0.06794876456417458,0.9841983006554469,0.03902179304120701,1.6,0.017058722109231997
2006-08-19 07:33:30,23132.086960872457,1.075353606831402,24875.173146911842,4.456832486904622,0.06794876456417458,0.9841983006554469,0.03902179304120701,1.6,0.017058722109231997
2006-08-22 21:27:19,12405.955413673733,2.3465149973377626,29110.76043448902,4.456832486904622,0.06794876456417458,0.9841983006554469,0.03902179304120701,1.6,0.017058722109231997
2006-08-23 04:41:20,2966.9324429984745,9.687627301134095,28742.535735412497,4.456832486904622,0.06794876456417458,0.9841983006554469,0.03902179304120701,1.6,0.017058722109231997
2006-08-30 06:25:17,37964.88185017366,1.6661327591175235,63254.53334660063,4.456832486904622,0.06794876456417458,0.9841983006554469,0.03902179304120701,1.6,0.017058722109231997
2006-09-01 15:12:39,224196.0130281433,0.06732568788502882,15094.150798200631,4.456832486904622,0.06794876456417458,0.9841983006554469,0.03902179304120701,1.6,0.017058722109231997
2006-09-01 17:05:46,130.32503468748388,1.037478928825782,135.20947738675366,4.456832486904622,0.06794876456417458,0.9841983006554469,0.03902179304120701,1.6,0.017058722109231997
2006-09-01 17:22:37,149.73841468881676,0.18978127679978266,28.417547525618975,4.456832486904622,0.06794876456417458,0.9841983006554469,0.03902179304120701,1.6,0.017058722109231997
2006-09-01 21:19:54,423.1195136789019,1.4329297085458195,606.3005214159577,4.456832486904622,0.06794876456417458,0.9841983006554469,0.03902179304120701,1.6,0.017058722109231997
2006-09-02 03:47:56,1526.4067746661638,0.0037545709115020458,5.731002475281236,4.456832486904622,0.06794876456417458,0.9841983006554469,0.03902179304120701,1.6,0.017058722109231997
2006-09-02 10:04:59,3009.608409546012,0.058752113640471504,176.820855290966,4.456832486904622,0.06794876456417458,0.9841983006554469,0.03902179304120701,1.6,0.017058722109231997
2006-09-02 10:07:31,5.11085533160127,0.3200752083168221,1.6358580849394175,4.456832486904622,0.06794876456417458,0.9841983006554469,0.03902179304120701,1.6,0.017058722109231997
2006-09-02 10:11:01,12.171905460787237,0.09246489778584971,1.1254739942907177,4.456832486904622,0.06794876456417458,0.9841983006554469,0.03902179304120701,1.6,0.017058722109231997
2006-09-02 12:45:41,1489.7416886878407,0.011319710816713263,16.863445107548433,4.456832486904622,0.06794876456417458,0.9841983006554469,0.03902179304120701,1.6,0.017058722109231997
2006-09-02 13:15:34,384.49099155829293,0.16803521208594369,64.60802531163253,4.456832486904622,0.06794876456417458,0.9841983006554469,0.03902179304120701,1.6,0.017058722109231997
2006-09-02 20:43:22,2040.0946898927878,0.8148958059609539,1662.4646065568456,4.456832486904622,0.06794876456417458,0.9841983006554469,0.03902179304120701,1.6,0.017058722109231997
2006-09-03 06:33:36,2720.119852471623,0.1218605733757748,331.47536487301994,4.456832486904622,0.06794876456417458,0.9841983006554469,0.03902179304120701,1.6,0.017058722109231997
2006-09-03 09:26:06,958.4960992603158,0.11078073176224526,106.18289926731545,4.456832486904622,0.06794876456417458,0.9841983006554469,0.03902179304120701,1.6,0.017058722109231997
2006-09-03 09:38:26,38.83575205848317,24.5114640798958,951.9211415972496,4.456832486904622,0.06794876456417458,0.9841983006554469,0.03902179304120701,1.6,0.017058722109231997
2006-09-03 11:04:07,308.63926737289125,2.9963923492526057,924.8043394350607,4.456832486904622,0.06794876456417458,0.9841983006554469,0.03902179304120701,1.6,0.017058722109231997
2006-09-05 06:43:48,6050.004177685407,2.3439983018809682,14181.199518867357,4.456832486904622,0.06794876456417458,0.9841983006554469,0.03902179304120701,1.6,0.017058722109231997
2006-09-06 12:47:43,8128.349562892394,2.8150666040091012,22881.845400210354,4.456832486904622,0.06794876456417458,0.9841983006554469,0.03902179304120701,1.6,0.017058722109231997
2006-09-10 14:02:24,14850.65963633118,0.2361371063258278,3506.791793553015,4.456832486904622,0.06794876456417458,0.9841983006554469,0.03902179304120701,1.6,0.017058722109231997
2006-09-13 09:47:39,19534.35358591091,2.0684280905401957,40405.40568764273,4.456832486904622,0.06794876456417458,0.9841983006554469,0.03902179304120701,1.6,0.017058722109231997
2006-09-26 22:34:35,41985.82194559283,0.4336761040478438,18208.247686611157,4.456832486904622,0.06794876456417458,0.9841983006554469,0.03902179304120701,1.6,0.017058722109231997
2006-09-27 22:34:20,2649.0389110607503,0.982779814791934,2603.4219703889107,4.456832486904622,0.06794876456417458,0.9841983006554469,0.03902179304120701,1.6,0.017058722109231997
2006-09-30 10:41:41,9286.30962876521,10.560392164972058,98067.0714451167,4.456832486904622,0.06794876456417458,0.9841983006554469,0.03902179304120701,1.6,0.017058722109231997
2006-10-11 10:43:20,66052.36446801669,1.8896391330401423,124815.13272859456,4.456832486904622,0.06794876456417458,0.9841983006554469,0.03902179304120701,1.6,0.017058722109231997
2006-10-11 12:11:43,834.010708896981,8.51435561288815,7101.063760505835,4.456832486904622,0.06794876456417458,0.9841983006554469,0.03902179304120701,1.6,0.017058722109231997
2006-10-11 16:35:57,1031.546604516164,0.027252517041899,28.112241419089806,4.456832486904622,0.06794876456417458,0.9841983006554469,0.03902179304120701,1.6,0.017058722109231997
2006-10-17 12:14:43,181675.0311764716,0.9561039092011446,173700.2075120643,4.456832486904622,0.06794876456417458,0.9841983006554469,0.03902179304120701,1.6,0.017058722109231997
2006-10-19 23:59:49,61095.297899532176,1.3479504274829608,82353.43292087324,4.456832486904622,0.06794876456417458,0.9841983006554469,0.03902179304120701,1.6,0.017058722109231997
2006-10-22 09:29:03,84216.50978809662,1.312162470545097,110505.7435442342,4.456832486904622,0.06794876456417458,0.9841983006554469,0.03902179304120701,1.6,0.017058722109231997
2006-10-24 22:03:30,74128.77786732695,0.7762633109147281,57543.45054135364,4.456832486904622,0.06794876456417458,0.9841983006554469,0.03902179304120701,1.6,0.017058722109231997
2006-10-28 05:49:25,93917.8615893166,2.103405900604339,197547.38423911014,4.456832486904622,0.06794876456417458,0.9841983006554469,0.03902179304120701,1.6,0.017058722109231997
2006-11-01 02:20:12,100313.08213264392,0.16187572575307124,16238.252972749178,4.456832486904622,0.06794876456417458,0.9841983006554469,0.03902179304120701,1.6,0.017058722109231997
2006-11-01 07:18:24,878866.0555368938,0.015174266378399193,13336.147637649805,4.456832486904622,0.06794876456417458,0.9841983006554469,0.03902179304120701,1.6,0.017058722109231997
2006-11-01 14:53:54,686.4985617315681,0.15393899627990318,105.67889954055474,4.456832486904622,0.06794876456417458,0.9841983006554469,0.03902179304120701,1.6,0.017058722109231997
2006-11-01 15:17:10,48.03252509054001,0.23388675430572023,11.234171394534474,4.456832486904622,0.06794876456417458,0.9841983006554469,0.03902179304120701,1.6,0.017058722109231997
2006-11-01 19:10:51,530.4566184246814,7.514088644733784,3985.8980530287804,4.456832486904622,0.06794876456417458,0.9841983006554469,0.03902179304120701,1.6,0.017058722109231997
2006-11-08 22:36:55,16576.21486903918,1.5223304070777186,25234.47592939215,4.456832486904622,0.06794876456417458,0.9841983006554469,0.03902179304120701,1.6,0.017058722109231997
2006-11-12 04:34:26,23625.84925793513,27.053746275294138,639167.7313625233,4.456832486904622,0.06794876456417458,0.9841983006554469,0.03902179304120701,1.6,0.017058722109231997
2006-11-17 19:00:01,896310.631898363,0.024120982960410972,21619.893479255607,4.456832486904622,0.06794876456417458,0.9841983006554469,0.03902179304120701,1.6,0.017058722109231997
2006-11-23 18:08:43,137905.35471008148,0.5198114610526293,71684.78391882854,4.456832486904622,0.06794876456417458,0.9841983006554469,0.03902179304120701,1.6,0.017058722109231997
2006-11-24 10:23:00,8779.838425453507,4.947979547511125,43442.460959596225,4.456832486904622,0.06794876456417458,0.9841983006554469,0.03902179304120701,1.6,0.017058722109231997
2006-11-26 14:32:46,54911.39476238694,1.1230562773760533,61668.58658737319,4.456832486904622,0.06794876456417458,0.9841983006554469,0.03902179304120701,1.6,0.017058722109231997
2006-12-01 20:37:46,40143.03302831637,2.688435795109816,107921.96691760133,4.456832486904622,0.06794876456417458,0.9841983006554469,0.03902179304120701,1.6,0.017058722109231997
2006-12-03 17:40:57,427384.5904520939,0.04434338488156214,18951.67938686601,4.456832486904622,0.06794876456417458,0.9841983006554469,0.03902179304120701,1.6,0.017058722109231997
2006-12-05 10:21:59,6797.902953313348,1.0049323707587137,6831.432731060844,4.456832486904622,0.06794876456417458,0.9841983006554469,0.03902179304120701,1.6,0.017058722109231997
2006-12-07 01:05:44,77568.05775958841,0.0033094372185445693,256.70661731979675,4.456832486904622,0.06794876456417458,0.9841983006554469,0.03902179304120701,1.6,0.017058722109231997
2006-12-07 13:17:48,4779.163438877247,0.06048032591630619,289.0453623905906,4.456832486904622,0.06794876456417458,0.9841983006554469,0.03902179304120701,1.6,0.017058722109231997
2006-12-07 13:55:49,361.51413720038,0.02276415044738981,8.22956220808777,4.456832486904622,0.06794876456417458,0.9841983006554469,0.03902179304120701,1.6,0.017058722109231997
2006-12-08 02:31:13,6256.453640886116,1.1159264687747936,6981.742218527244,4.456832486904622,0.06794876456417458,0.9841983006554469,0.03902179304120701,1.6,0.017058722109231997
2006-12-12 15:03:05,89681.40400576453,0.5612363904983007,50332.467479015126,4.456832486904622,0.06794876456417458,0.9841983006554469,0.03902179304120701,1.6,0.017058722109231997
2006-12-18 03:16:59,101638.83746113683,0.5328913685782252,54162.45919536499,4.456832486904622,0.06794876456417458,0.9841983006554469,0.03902179304120701,1.6,0.017058722109231997
2006-12-19 12:36:50,180658.70604443125,0.4109927253050553,74249.41394728568,4.456832486904622,0.06794876456417458,0.9841983006554469,0.03902179304120701,1.6,0.017058722109231997
2006-12-19 17:26:22,2511.0179697398257,12.672449901657368,31820.749423689336,4.456832486904622,0.06794876456417458,0.9841983006554469,0.03902179304120701,1.6,0.017058722109231997
2006-12-22 01:44:35,73530.06391345308,0.1251052240239534,9198.99511838816,4.456832486904622,0.06794876456417458,0.9841983006554469,0.03902179304120701,1.6,0.017058722109231997
2006-12-23 12:27:06,13083.975920750796,0.35604287627626746,4658.456419953538,4.456832486904622,0.06794876456417458,0.9841983006554469,0.03902179304120701,1.6,0.017058722109231997
2006-12-24 04:40:11,7696.641968061583,35.645620304101456,274351.57721013535,4.456832486904622,0.06794876456417458,0.9841983006554469,0.03902179304120701,1.6,0.017058722109231997
2006-12-24 21:13:00,15549.365533968243,0.4594509810702611,7144.1712496018135,4.456832486904622,0.06794876456417458,0.9841983006554469,0.03902179304120701,1.6,0.017058722109231997
2006-12-26 00:41:05,118766.03461892765,0.11256647023481242,13369.073300838221,4.456832486904622,0.06794876456417458,0.9841983006554469,0.03902179304120701,1.6,0.017058722109231997
2006-12-26 01:27:17,333.2677012759468,0.16394337883014035,54.6370330021326,4.456832486904622,0.06794876456417458,0.9841983006554469,0.03902179304120701,1.6,0.017058722109231997
2006-12-26 11:44:09,91240.48041403062,0.0561311584338992,5121.43386170503,4.456832486904622,0.06794876456417458,0.9841983006554469,0.03902179304120701,1.6,0.017058722109231997
2006-12-26 12:30:34,3629.529537384714,0.8943349680962785,3246.0151830214586,4.456832486904622,0.06794876456417458,0.9841983006554469,0.03902179304120701,1.6,0.017058722109231997
2006-12-30 06:19:23,50188.039927468984,2.616878403868064,131335.9978186617,4.456832486904622,0.06794876456417458,0.9841983006554469,0.03902179304120701,1.6,0.017058722109231997
2007-01-06 01:22:01,86648.69062986202,0.017471390161197226,1513.8730809511935,4.456832486904622,0.06794876456417458,0.9841983006554469,0.03902179304120701,1.6,0.017058722109231997
2007-01-07 09:43:41,15357.691004182141,5.145148601803569,79017.60239709899,4.456832486904622,0.06794876456417458,0.9841983006554469,0.03902179304120701,1.6,0.017058722109231997
2007-01-09 15:08:50,257266.7758103546,0.008617391184852604,2216.968446023601,4.456832486904622,0.06794876456417458,0.9841983006554469,0.03902179304120701,1.6,0.017058722109231997
2007-01-11 02:12:36,15529.190586456367,4.5554761995421105,70742.85811475536,4.456832486904622,0.06794876456417458,0.9841983006554469,0.03902179304120701,1.6,0.017058722109231997
2007-01-14 18:46:48,18207.03157802208,14.147840235870115,257590.17393529855,4.456832486904622,0.06794876456417458,0.9841983006554469,0.03902179304120701,1.6,0.017058722109231997
2007-01-18 09:17:13,169460.1227759959,1.1033746038178425,186977.99583088743,4.456832486904622,0.06794876456417458,0.9841983006554469,0.03902179304120701,1.6,0.017058722109231997
2007-01-26 00:11:54,186000.41766906448,2.1112871239560036,392700.28687513457,4.456832486904622,0.06794876456417458,0.9841983006554469,0.03902179304120701,1.6,0.017058722109231997
2007-01-26 09:46:18,186866.11420881996,0.3505005905224548,65496.683378827875,4.456832486904622,0.06794876456417458,0.9841983006554469,0.03902179304120701,1.6,0.017058722109231997
2007-01-26 14:02:47,388007.9107119354,0.08913880939210297,34586.563195579314,4.456832486904622,0.06794876456417458,0.9841983006554469,0.03902179304120701,1.6,0.017058722109231997
2007-02-06 02:37:51,210093.35220893883,1.3837900861153827,290725.0979454769,4.456832486904622,0.06794876456417458,0.9841983006554469,0.03902179304120701,1.6,0.017058722109231997
2007-02-07 14:23:39,434240.3971903891,0.4315729844695586,187406.42419270275,4.456832486904622,0.06794876456417458,0.9841983006554469,0.03902179304120701,1.6,0.017058722109231997
2007-02-08 18:00:35,11590.60979614535,15.937474513715204,184725.0482244843,4.456832486904622,0.06794876456417458,0.9841983006554469,0.03902179304120701,1.6,0.017058722109231997
2007-02-08 22:54:49,2155.2275118164634,0.31977662001061524,689.191369082557,4.456832486904622,0.06794876456417458,0.9841983006554469,0.03902179304120701,1.6,0.017058722109231997
2007-02-10 00:50:51,6216.13083240549,4.456418167068293,27701.678370405174,4.456832486904622,0.06794876456417458,0.9841983006554469,0.03902179304120701,1.6,0.017058722109231997
2007-02-10 02:46:22,1057.172600896588,1.7840732301859215,1886.0733369456277,4.456832486904622,0.06794876456417458,0.9841983006554469,0.03902179304120701,1.6,0.017058722109231997
2007-02-10 08:49:02,1159.6018272508925,7.838810113437682,9089.898531015111,4.456832486904622,0.06794876456417458,0.9841983006554469,0.03902179304120701,1.6,0.017058722109231997
2007-02-10 10:41:09,8574.294987223699,0.2209880748652203,1894.8169425530737,4.456832486904622,0.06794876456417458,0.9841983006554469,0.03902179304120701,1.6,0.017058722109231997
2007-02-15 21:44:13,231353.50682567823,1.1209530887410393,259336.4280673151,4.456832486904622,0.06794876456417458,0.9841983006554469,0.03902179304120701,1.6,0.017058722109231997
2007-02-17 19:35:39,35457.22394182776,0.6595207480649495,23384.774858420682,4.456832486904622,0.06794876456417458,0.9841983006554469,0.03902179304120701,1.6,0.017058722109231997
2007-02-20 10:04:55,11361.811535066607,6.58567806703881,74825.2330283167,4.456832486904622,0.06794876456417458,0.9841983006554469,0.03902179304120701,1.6,0.017058722109231997
2007-02-25 21:12:51,35204.86769817452,5.765610587953167,202977.55794808545,4.456832486904622,0.06794876456417458,0.9841983006554469,0.03902179304120701,1.6,0.017058722109231997
2007-03-11 02:40:16,92926.33102341677,28.409076814760763,2639951.276158133,4.456832486904622,0.06794876456417458,0.9841983006554469,0.03902179304120701,1.6,0.017058722109231997
2007-03-11 03:21:14,231.1702158689949,54.98829606076182,12711.65627063451,4.456832486904622,0.06794876456417458,0.9841983006554469,0.03902179304120701,1.6,0.017058722109231997
2007-03-11 03:21:14,231.1702158689949,54.97200485382202,12707.89022880947,4.456832486904622,0.06794876456417458,0.9841983006554469,0.03902179304120701,1.6,0.017058722109231997
2007-03-11 05:36:35,557.5187919767429,0.02476376879746102,13.806266464751827,4.456832486904622,0.06794876456417458,0.9841983006554469,0.03902179304120701,1.6,0.017058722109231997
2007-03-11 05:37:31,3.272186337690735,0.08971422148796955,0.2935616498494945,4.456832486904622,0.06794876456417458,0.9841983006554469,0.03902179304120701,1.6,0.017058722109231997
2007-03-11 06:15:57,73.48679435224234,2.8289395712322722,207.88970050606662,4.456832486904622,0.06794876456417458,0.9841983006554469,0.03902179304120701,1.6,0.017058722109231997
2007-03-11 11:24:57,664.3129727089522,0.48260003123196127,320.5974613771374,4.456832486904622,0.06794876456417458,0.9841983006554469,0.03902179304120701,1.6,0.017058722109231997
2007-03-21 08:38:56,27880.526486063114,1.8155097311484172,50617.36714498877,4.456832486904622,0.06794876456417458,0.9841983006554469,0.03902179304120701,1.6,0.017058722109231997
2007-03-22 09:19:02,30710.564759803456,5.126850120689597,157448.46264524403,4.456832486904622,0.06794876456417458,0.9841983006554469,0.03902179304120701,1.6,0.017058722109231997
2007-03-23 18:38:32,34533.72638965537,9.52048868126935,328777.95121476665,4.456832486904622,0.06794876456417458,0.9841983006554469,0.03902179304120701,1.6,0.017058722109231997
2007-03-24 08:21:03,6556.105856940783,2.4438714450804984,16022.279894702591,4.456832486904622,0.06794876456417458,0.9841983006554469,0.03902179304120701,1.6,0.017058722109231997
2007-03-24 08:52:53,253.73674670739996,28.864792068465075,7324.05843383789,4.456832486904622,0.06794876456417458,0.9841983006554469,0.03902179304120701,1.6,0.017058722109231997
2007-03-26 20:54:22,35516.50221582376,0.2968316394874613,10542.42158158302,4.456832486904622,0.06794876456417458,0.9841983006554469,0.03902179304120701,1.6,0.017058722109231997
2007-03-29 05:25:33,49537.68389343555,14.079637461594434,697472.6299066383,4.456832486904622,0.06794876456417458,0.9841983006554469,0.03902179304120701,1.6,0.017058722109231997
2007-04-04 21:25:42,67893.7354667403,3.093999178090276,210063.1617315731,4.456832486904622,0.06794876456417458,0.9841983006554469,0.03902179304120701,1.6,0.017058722109231997
2007-04-06 15:06:49,72676.01767318347,15.177773709950872,1103060.1503839688,4.456832486904622,0.06794876456417458,0.9841983006554469,0.03902179304120701,1.6,0.017058722109231997
2007-04-09 16:24:51,81085.31614120533,0.9728340497790997,78882.55647926738,4.456832486904622,0.06794876456417458,0.9841983006554469,0.03902179304120701,1.6,0.017058722109231997
2007-04-10 10:06:57,5856.884494114691,7.449612967348843,43631.52267562117,4.456832486904622,0.06794876456417458,0.9841983006554469,0.03902179304120701,1.6,0.017058722109231997
2007-04-18 23:04:19,106629.40234039795,4.9409038910450755,526845.6289234831,4.456832486904622,0.06794876456417458,0.9841983006554469,0.03902179304120701,1.6,0.017058722109231997
2007-04-30 12:42:53,268367.4309051217,1.1828940355962723,317450.2333659632,4.456832486904622,0.06794876456417458,0.9841983006554469,0.03902179304120701,1.6,0.017058722109231997
2007-05-03 17:52:50,147334.29860269502,6.511343140638497,959344.1745874424,4.456832486904622,0.06794876456417458,0.9841983006554469,0.03902179304120701,1.6,0.017058722109231997
2007-05-03 19:06:20,642.3749390225751,4.045163152940178,2598.5114337063146,4.456832486904622,0.06794876456417458,0.9841983006554469,0.03902179304120701,1.6,0.017058722109231997
2007-05-08 08:29:52,347741.3549488708,4.615828921236296,1605114.603282894,4.456832486904622,0.06794876456417458,0.9841983006554469,0.03902179304120701,1.6,0.017058722109231997
2007-05-08 08:40:41,47.01589380886687,37.256676360842945,1751.6559394527126,4.456832486904622,0.06794876456417458,0.9841983006554469,0.03902179304120701,1.6,0.017058722109231997
2007-05-09 04:11:17,10074.181480685798,10.646599792649907,107255.77846338695,4.456832486904622,0.06794876456417458,0.9841983006554469,0.03902179304120701,1.6,0.017058722109231997
2007-05-09 12:21:31,3760.1406313302086,32.05914039130941,120546.87639088197,4.456832486904622,0.06794876456417458,0.9841983006554469,0.03902179304120701,1.6,0.017058722109231997
2007-05-18 23:41:36,1324846.5595031348,0.09750544567736297,129179.75423847414,4.456832486904622,0.06794876456417458,0.9841983006554469,0.03902179304120701,1.6,0.017058722109231997
2007-05-21 05:37:44,28719.551751384453,21.76787526373618,625163.6201545527,4.456832486904622,0.06794876456417458,0.9841983006554469,0.03902179304120701,1.6,0.017058722109231997
2007-05-22 00:51:53,38962.22942861047,3.334485493996477,129918.98884346426,4.456832486904622,0.06794876456417458,0.9841983006554469,0.03902179304120701,1.6,0.017058722109231997
2007-05-23 04:44:58,92909.34654119355,12.607396905329454,1171345.0080596253,4.456832486904622,0.06794876456417458,0.9841983006554469,0.03902179304120701,1.6,0.017058722109231997
2007-05-26 22:01:00,211136.19630637276,0.028224337637585202,5959.179292066535,4.456832486904622,0.06794876456417458,0.9841983006554469,0.03902179304120701,1.6,0.017058722109231997
2007-06-03 06:40:48,147138.68663973737,1.4937531557663843,219788.8775034288,4.456832486904622,0.06794876456417458,0.9841983006554469,0.03902179304120701,1.6,0.017058722109231997
2007-06-05 08:54:08,9415.609233809371,7.975881067899683,75097.7794306816,4.456832486904622,0.06794876456417458,0.9841983006554469,0.03902179304120701,1.6,0.017058722109231997
2007-06-07 18:47:07,27893.560230696978,3.3841686494094168,94396.51205313801,4.456832486904622,0.06794876456417458,0.9841983006554469,0.03902179304120701,1.6,0.017058722109231997
2007-06-08 03:40:03,120062.76635724067,1.792104907901513,215165.07284504367,4.456832486904622,0.06794876456417458,0.9841983006554469,0.03902179304120701,1.6,0.017058722109231997
2007-06-11 10:17:50,682215.1462542565,0.09304244970438892,63474.968432933994,4.456832486904622,0.06794876456417458,0.9841983006554469,0.03902179304120701,1.6,0.017058722109231997
2007-06-19 03:50:10,275131.21195184346,0.3042767131614129,83716.02086082297,4.456832486904622,0.06794876456417458,0.9841983006554469,0.03902179304120701,1.6,0.017058722109231997
2007-06-23 10:25:57,19835.108289396372,9.403829041025443,186525.96736371008,4.456832486904622,0.06794876456417458,0.9841983006554469,0.03902179304120701,1.6,0.017058722109231997
2007-06-23 11:54:28,716.4341869444272,13.770420030735394,9865.599678603166,4.456832486904622,0.06794876456417458,0.9841983006554469,0.03902179304120701,1.6,0.017058722109231997
2007-06-23 23:10:33,3994.859229731697,2.975531882702376,11886.831004974518,4.456832486904622,0.06794876456417458,0.9841983006554469,0.03902179304120701,1.6,0.017058722109231997
2007-06-28 01:54:30,41125.63669849985,0.1336149847043388,5495.0013184262525,4.456832486904622,0.06794876456417458,0.9841983006554469,0.03902179304120701,1.6,0.017058722109231997
2007-06-28 08:03:37,1567.8875286755506,3.6425133389428606,5711.05123716285,4.456832486904622,0.06794876456417458,0.9841983006554469,0.03902179304120701,1.6,0.017058722109231997
2007-06-29 09:35:42,8075.679151626739,2.7169708287982544,21941.384677704085,4.456832486904622,0.06794876456417458,0.9841983006554469,0.03902179304120701,1.6,0.017058722109231997
2007-07-11 03:02:41,101926.00349527175,0.195053725932406,19881.046751152193,4.456832486904622,0.06794876456417458,0.9841983006554469,0.03902179304120701,1.6,0.017058722109231997
2007-07-13 01:13:05,954058.4532943338,0.08007516088680178,76396.38414295703,4.456832486904622,0.06794876456417458,0.9841983006554469,0.03902179304120701,1.6,0.017058722109231997
2007-07-14 02:47:24,14258.25091204641,18.905365463105923,269557.4443569007,4.456832486904622,0.06794876456417458,0.9841983006554469,0.03902179304120701,1.6,0.017058722109231997
2007-07-19 01:30:46,138749.4682246854,1.981522194626677,274935.150779863,4.456832486904622,0.06794876456417458,0.9841983006554469,0.03902179304120701,1.6,0.017058722109231997
2007-07-22 20:43:05,472621.51324775163,5.4637297549211565,2582276.224747604,4.456832486904622,0.06794876456417458,0.9841983006554469,0.03902179304120701,1.6,0.017058722109231997
2007-07-27 04:59:18,545126.1550627681,1.1464196405295957,624943.3307303393,4.456832486904622,0.06794876456417458,0.9841983006554469,0.03902179304120701,1.6,0.017058722109231997
2007-07-31 22:51:50,20863.300314665783,6.25409109820955,130480.98077722377,4.456832486904622,0.06794876456417458,0.9841983006554469,0.03902179304120701,1.6,0.017058722109231997
2007-07-31 22:51:50,20863.300314665783,6.025735163200356,125716.72232649066,4.456832486904622,0.06794876456417458,0.9841983006554469,0.03902179304120701,1.6,0.017058722109231997
2007-08-06 17:10:30,46203.47304873803,2.6374166180947736,121857.80763243567,4.456832486904622,0.06794876456417458,0.9841983006554469,0.03902179304120701,1.6,0.017058722109231997
2007-08-16 05:47:06,253114.42598027526,1.2590596988948428,318686.17296066636,4.456832486904622,0.06794876456417458,0.9841983006554469,0.03902179304120701,1.6,0.017058722109231997
2007-08-16 11:36:13,52037.10356559849,4.443863264535061,231245.77292796955,4.456832486904622,0.06794876456417458,0.9841983006554469,0.03902179304120701,1.6,0.017058722109231997
2007-08-29 04:00:59,170348.47026073278,2.198897011954399,374578.7422473281,4.456832486904622,0.06794876456417458,0.9841983006554469,0.03902179304120701,1.6,0.017058722109231997
2007-09-16 21:36:33,1172839.9148033941,0.5018818641985646,588627.0828480131,4.456832486904622,0.06794876456417458,0.9841983006554469,0.03902179304120701,1.6,0.017058722109231997
2007-10-19 21:00:26,765173.9092678946,1.1903022102041396,910788.1953921167,4.456832486904622,0.06794876456417458,0.9841983006554469,0.03902179304120701,1.6,0.017058722109231997
2007-10-27 13:39:59,54453.195672640504,58.40569740217479,3180376.8690376547,4.456832486904622,0.06794876456417458,0.9841983006554469,0.03902179304120701,1.6,0.017058722109231997
2007-11-05 15:53:13,436573.9841393946,2.5008273450706127,1091796.1576822218,4.456832486904622,0.06794876456417458,0.9841983006554469,0.03902179304120701,1.6,0.017058722109231997
2007-11-09 00:56:13,11439.459891820612,12.753310804617056,145890.98743733927,4.456832486904622,0.06794876456417458,0.9841983006554469,0.03902179304120701,1.6,0.017058722109231997
2007-11-27 15:47:38,74509.19577527198,10.653818597563681,793807.4556401059,4.456832486904622,0.06794876456417458,0.9841983006554469,0.03902179304120701,1.6,0.017058722109231997
2007-12-02 14:54:41,91321.53215607323,0.31119467606059004,28418.774616665964,4.456832486904622,0.06794876456417458,0.9841983006554469,0.03902179304120701,1.6,0.017058722109231997
2007-12-04 02:02:34,11985.269951374072,9.820023642508431,117695.63428433926,4.456832486904622,0.06794876456417458,0.9841983006554469,0.03902179304120701,1.6,0.017058722109231997
2007-12-10 13:33:50,877354.8577745697,0.7055889883065269,619051.9264829755,4.456832486904622,0.06794876456417458,0.9841983006554469,0.03902179304120701,1.6,0.017058722109231997
2007-12-26 09:19:13,797603.6907132382,0.47614264900277864,379773.1341505942,4.456832486904622,0.06794876456417458,0.9841983006554469,0.03902179304120701,1.6,0.017058722109231997
2008-01-05 00:31:06,58470.48254354762,1.9376785491152857,113296.999781052,4.456832486904622,0.06794876456417458,0.9841983006554469,0.03902179304120701,1.6,0.017058722109231997
2008-01-05 06:59:54,1810.8292736714118,2.2017658321170765,3987.0220225670973,4.456832486904622,0.06794876456417458,0.9841983006554469,0.03902179304120701,1.6,0.017058722109231997
2008-01-07 19:15:44,18651.510468930876,6.234021469939631,116273.91671011887,4.456832486904622,0.06794876456417458,0.9841983006554469,0.03902179304120701,1.6,0.017058722109231997
2008-01-07 19:22:44,61.645203472622846,2.067113609872358,127.42763908160943,4.456832486904622,0.06794876456417458,0.9841983006554469,0.03902179304120701,1.6,0.017058722109231997
2008-01-07 19:23:17,4.154453858920752,2.2254593007499195,9.24556797987158,4.456832486904622,0.06794876456417458,0.9841983006554469,0.03902179304120701,1.6,0.017058722109231997
2008-01-07 20:08:17,344.0643150433459,2.982553269683379,1026.1901478139036,4.456832486904622,0.06794876456417458,0.9841983006554469,0.03902179304120701,1.6,0.017058722109231997
2008-01-14 08:31:05,115120.49119730439,0.945030992664717,108792.43207223839,4.456832486904622,0.06794876456417458,0.9841983006554469,0.03902179304120701,1.6,0.017058722109231997
2008-01-18 18:59:54,92352.292957242,0.5976367655302398,55193.125652267256,4.456832486904622,0.06794876456417458,0.9841983006554469,0.03902179304120701,1.6,0.017058722109231997
2008-01-20 10:13:21,966033.7679055186,0.01821970576927945,17600.851014426942,4.456832486904622,0.06794876456417458,0.9841983006554469,0.03902179304120701,1.6,0.017058722109231997
2008-01-24 20:48:57,66086.40824434656,10.131807786435678,669574.7856276374,4.456832486904622,0.06794876456417458,0.9841983006554469,0.03902179304120701,1.6,0.017058722109231997
2008-01-29 04:35:17,16816.422795139806,13.852482390750378,232949.2006450874,4.456832486904622,0.06794876456417458,0.9841983006554469,0.03902179304120701,1.6,0.017058722109231997
2008-02-04 14:42:56,244150.52973213673,0.8995451170927069,219624.41685614135,4.456832486904622,0.06794876456417458,0.9841983006554469,0.03902179304120701,1.6,0.017058722109231997
2008-02-08 04:23:22,1085856.381363359,0.052076854742733464,56547.985043729845,4.456832486904622,0.06794876456417458,0.9841983006554469,0.03902179304120701,1.6,0.017058722109231997
2008-02-12 02:43:04,30970.24648501585,1.114164358706411,34505.94481395716,4.456832486904622,0.06794876456417458,0.9841983006554469,0.03902179304120701,1.6,0.017058722109231997
2008-02-20 01:07:23,101817.9978019795,6.383956315521045,650001.6501016549,4.456832486904622,0.06794876456417458,0.9841983006554469,0.03902179304120701,1.6,0.017058722109231997
2008-02-23 02:31:05,24097.332799629716,9.41353821048345,226841.16308005046,4.456832486904622,0.06794876456417458,0.9841983006554469,0.03902179304120701,1.6,0.017058722109231997
2008-02-29 13:31:30,2345023.152843947,0.07612638413879201,178518.1333477595,4.456832486904622,0.06794876456417458,0.9841983006554469,0.03902179304120701,1.6,0.017058722109231997
2008-02-29 22:20:09,4117.840179855272,18.22757935691935,75058.25865742302,4.456832486904622,0.06794876456417458,0.9841983006554469,0.03902179304120701,1.6,0.017058722109231997
2008-03-01 04:41:47,79970.94726409804,0.14407271462672278,11521.631463609094,4.456832486904622,0.06794876456417458,0.9841983006554469,0.03902179304120701,1.6,0.017058722109231997
2008-03-01 04:57:02,114.30654394445527,0.020538800174685495,2.347719264734073,4.456832486904622,0.06794876456417458,0.9841983006554469,0.03902179304120701,1.6,0.017058722109231997
2008-03-07 19:04:34,71854.22254124029,6.3258051911502795,454535.81395744527,4.456832486904622,0.06794876456417458,0.9841983006554469,0.03902179304120701,1.6,0.017058722109231997
2008-03-07 21:52:56,472.50603972832755,0.6990615252054608,330.3107928012767,4.456832486904622,0.06794876456417458,0.9841983006554469,0.03902179304120701,1.6,0.017058722109231997
2008-03-13 05:23:56,1412936.0854978918,0.020671619838007468,29207.677614814835,4.456832486904622,0.06794876456417458,0.9841983006554469,0.03902179304120701,1.6,0.017058722109231997
2008-03-16 05:49:54,162413.60852143719,0.16662052359925394,27061.440491486115,4.456832486904622,0.06794876456417458,0.9841983006554469,0.03902179304120701,1.6,0.017058722109231997
2008-03-18 09:45:00,42883.17386457767,0.6330361511815242,27146.59933368038,4.456832486904622,0.06794876456417458,0.9841983006554469,0.03902179304120701,1.6,0.017058722109231997
2008-03-18 15:03:54,2050.2450386416363,2.263305991385163,4640.331879765321,4.456832486904622,0.06794876456417458,0.9841983006554469,0.03902179304120701,1.6,0.017058722109231997
2008-03-18 16:07:43,234.2800814524669,0.05360296451690899,12.55810689311513,4.456832486904622,0.06794876456417458,0.9841983006554469,0.03902179304120701,1.6,0.017058722109231997
2008-03-18 16:46:28,376.5368559045394,0.8064888273625758,303.67276737724313,4.456832486904622,0.06794876456417458,0.9841983006554469,0.03902179304120701,1.6,0.017058722109231997
2008-03-18 18:54:36,463.24780977396625,0.4827010584175193,223.61020808749115,4.456832486904622,0.06794876456417458,0.9841983006554469,0.03902179304120701,1.6,0.017058722109231997
2008-03-19 00:11:26,1608.7135829013205,0.07983845832496256,128.43721234526828,4.456832486904622,0.06794876456417458,0.9841983006554469,0.03902179304120701,1.6,0.017058722109231997
2008-03-19 01:52:53,2382.510339952366,0.22392293243259928,533.4987018731227,4.456832486904622,0.06794876456417458,0.9841983006554469,0.03902179304120701,1.6,0.017058722109231997
2008-03-19 10:32:34,7437.972535413147,0.022446289603729,166.95488559446594,4.456832486904622,0.06794876456417458,0.9841983006554469,0.03902179304120701,1.6,0.017058722109231997
2008-03-21 06:40:12,21802.54679980687,0.21343130572104105,4653.346031526886,4.456832486904622,0.06794876456417458,0.9841983006554469,0.03902179304120701,1.6,0.017058722109231997
2008-03-21 23:40:19,17114.560179228592,10.530305911587556,180221.55422955184,4.456832486904622,0.06794876456417458,0.9841983006554469,0.03902179304120701,1.6,0.017058722109231997
2008-03-22 00:17:34,266.641367182009,1.170634716289863,312.13964122225224,4.456832486904622,0.06794876456417458,0.9841983006554469,0.03902179304120701,1.6,0.017058722109231997
2008-03-26 22:29:10,59238.464351915805,0.0808890696949719,4791.744271585226,4.456832486904622,0.06794876456417458,0.9841983006554469,0.03902179304120701,1.6,0.017058722109231997
2008-03-30 21:58:48,1061921.6866106098,0.2394408552036301,254267.43680132568,4.456832486904622,0.06794876456417458,0.9841983006554469,0.03902179304120701,1.6,0.017058722109231997
2008-04-03 16:03:37,43134.02838284953,8.18052804106759,352859.12871010584,4.456832486904622,0.06794876456417458,0.9841983006554469,0.03902179304120701,1.6,0.017058722109231997
2008-04-06 07:24:35,63417.92083729388,3.7863154217207544,240120.2516797118,4.456832486904622,0.06794876456417458,0.9841983006554469,0.03902179304120701,1.6,0.017058722109231997
2008-04-08 04:59:36,1518965.3730594497,0.21732118288632565,330103.3516366485,4.456832486904622,0.06794876456417458,0.9841983006554469,0.03902179304120701,1.6,0.017058722109231997
2008-04-11 16:13:27,223035.5531703443,1.027880774761496,229253.95719209232,4.456832486904622,0.06794876456417458,0.9841983006554469,0.03902179304120701,1.6,0.017058722109231997
2008-04-14 15:12:04,22426.928569614956,8.943982168373255,200586.04921801688,4.456832486904622,0.06794876456417458,0.9841983006554469,0.03902179304120701,1.6,0.017058722109231997
2008-04-16 03:55:59,161181.36466195906,0.37666702033279625,60711.70436039398,4.456832486904622,0.06794876456417458,0.9841983006554469,0.03902179304120701,1.6,0.017058722109231997
2008-04-16 17:18:47,6649.034925739176,15.200303673486772,101067.35000685505,4.456832486904622,0.06794876456417458,0.9841983006554469,0.03902179304120701,1.6,0.017058722109231997
2008-04-18 19:58:41,127721.44719037137,0.4638799667316455,59247.42067358709,4.456832486904622,0.06794876456417458,0.9841983006554469,0.03902179304120701,1.6,0.017058722109231997
2008-04-23 00:13:40,186764.11614621527,0.47813997451181883,89299.38973387374,4.456832486904622,0.06794876456417458,0.9841983006554469,0.03902179304120701,1.6,0.017058722109231997
2008-04-25 03:07:16,22367.291480965516,6.341102826843909,141833.2952387921,4.456832486904622,0.06794876456417458,0.9841983006554469,0.03902179304120701,1.6,0.017058722109231997
2008-04-25 15:57:40,5226.57906421775,8.455169251179361,44191.61059263172,4.456832486904622,0.06794876456417458,0.9841983006554469,0.03902179304120701,1.6,0.017058722109231997
2008-05-11 02:20:09,125398.93252998717,1.4336878209596944,179782.92232958906,4.456832486904622,0.06794876456417458,0.9841983006554469,0.03902179304120701,1.6,0.017058722109231997
2008-05-16 23:05:27,42797.29613877272,11.984528482303364,512905.41454069345,4.456832486904622,0.06794876456417458,0.9841983006554469,0.03902179304120701,1.6,0.017058722109231997
2008-05-17 15:04:10,7641.72716274857,8.918809515747997,68155.10893587189,4.456832486904622,0.06794876456417458,0.9841983006554469,0.03902179304120701,1.6,0.017058722109231997
2008-05-20 18:14:41,283706.40579598624,0.21132511928661993,59954.29004721499,4.456832486904622,0.06794876456417458,0.9841983006554469,0.03902179304120701,1.6,0.017058722109231997
2008-05-22 07:45:25,485386.70816863276,0.7265974476319477,352680.7432698016,4.456832486904622,0.06794876456417458,0.9841983006554469,0.03902179304120701,1.6,0.017058722109231997
2008-05-22 09:20:27,625.2118674408441,59.784478759335435,37377.965609101586,4.456832486904622,0.06794876456417458,0.9841983006554469,0.03902179304120701,1.6,0.017058722109231997
2008-05-24 11:52:31,19197.293131776438,34.90193129664756,670022.6059668653,4.456832486904622,0.06794876456417458,0.9841983006554469,0.03902179304120701,1.6,0.017058722109231997
2008-06-04 08:31:28,346906.46678744885,5.016829948474481,1740370.7518987411,4.456832486904622,0.06794876456417458,0.9841983006554469,0.03902179304120701,1.6,0.017058722109231997
2008-06-04 22:31:12,6641.904751542601,26.918102776935086,178787.47473663723,4.456832486904622,0.06794876456417458,0.9841983006554469,0.03902179304120701,1.6,0.017058722109231997
2008-06-07 02:00:34,2223731.1207514317,0.13810815872472912,307115.4105858585,4.456832486904622,0.06794876456417458,0.9841983006554469,0.03902179304120701,1.6,0.017058722109231997
2008-06-07 02:21:11,138.79368279715288,0.8147270005396468,113.07896087917554,4.456832486904622,0.06794876456417458,0.9841983006554469,0.03902179304120701,1.6,0.017058722109231997
2008-06-07 16:58:34,6045.43543177898,2.0597888304430474,12452.320377542985,4.456832486904622,0.06794876456417458,0.9841983006554469,0.03902179304120701,1.6,0.017058722109231997
2008-06-08 10:06:46,6075.455579948424,4.741368709586392,28805.974983249504,4.456832486904622,0.06794876456417458,0.9841983006554469,0.03902179304120701,1.6,0.017058722109231997
2008-06-10 02:41:13,20460.198661649883,5.029362047433957,102901.74663186097,4.456832486904622,0.06794876456417458,0.9841983006554469,0.03902179304120701,1.6,0.017058722109231997
2008-06-10 12:24:47,4907.85504708748,16.723802672178735,82077.99935114749,4.456832486904622,0.06794876456417458,0.9841983006554469,0.03902179304120701,1.6,0.017058722109231997
2008-06-18 10:14:24,256766.5754558146,1.4957716064642912,384064.1530558785,4.456832486904622,0.06794876456417458,0.9841983006554469,0.03902179304120701,1.6,0.017058722109231997
2008-06-26 16:24:04,339953.6129837998,0.7874159514443415,267684.8976145802,4.456832486904622,0.06794876456417458,0.9841983006554469,0.03902179304120701,1.6,0.017058722109231997
2008-06-28 07:19:19,15963.73945895823,2.066517784897327,32989.35150540441,4.456832486904622,0.06794876456417458,0.9841983006554469,0.03902179304120701,1.6,0.017058722109231997
2008-06-29 23:20:31,32378.31228364531,7.135594782858155,231038.5162089316,4.456832486904622,0.06794876456417458,0.9841983006554469,0.03902179304120701,1.6,0.017058722109231997
2008-07-05 19:46:07,278612.1050486198,0.2814768551091621,78422.859124429,4.456832486904622,0.06794876456417458,0.9841983006554469,0.03902179304120701,1.6,0.017058722109231997
2008-07-09 09:47:20,46510.749862727534,2.3590036803001935,109719.03009969597,4.456832486904622,0.06794876456417458,0.9841983006554469,0.03902179304120701,1.6,0.017058722109231997
2008-07-09 09:50:55,4.389736581039489,0.22381439872332343,0.9824862534391307,4.456832486904622,0.06794876456417458,0.9841983006554469,0.03902179304120701,1.6,0.017058722109231997
2008-07-09 15:03:47,387.6647835544036,0.10258862932339523,39.76999878179695,4.456832486904622,0.06794876456417458,0.9841983006554469,0.03902179304120701,1.6,0.017058722109231997
2008-07-10 01:04:36,1123.6908952283222,1.0333838917634899,1161.2040704502435,4.456832486904622,0.06794876456417458,0.9841983006554469,0.03902179304120701,1.6,0.017058722109231997
2008-07-10 01:09:44,42.845056167224406,0.17487943626214153,7.492719269143994,4.456832486904622,0.06794876456417458,0.9841983006554469,0.03902179304120701,1.6,0.017058722109231997
2008-07-10 10:27:18,1813.0224601076488,3.5921004874345015,6512.558862682385,4.456832486904622,0.06794876456417458,0.9841983006554469,0.03902179304120701,1.6,0.017058722109231997
2008-07-12 03:26:24,4825.5251279497525,0.197869817561783,954.8257767072172,4.456832486904622,0.06794876456417458,0.9841983006554469,0.03902179304120701,1.6,0.017058722109231997
2008-07-12 16:55:02,5816.135543944515,0.7951305185679978,4624.586871118366,4.456832486904622,0.06794876456417458,0.9841983006554469,0.03902179304120701,1.6,0.017058722109231997
2008-07-16 00:31:37,11667.654406470154,2.579118083335827,30092.25846984012,4.456832486904622,0.06794876456417458,0.9841983006554469,0.03902179304120701,1.6,0.017058722109231997
2008-07-16 06:12:11,2328.1094251461477,1.08337643504342,2522.2188894058195,4.456832486904622,0.06794876456417458,0.9841983006554469,0.03902179304120701,1.6,0.017058722109231997
2008-07-16 17:10:34,3890.272997709632,0.23590428556541845,917.7320721791295,4.456832486904622,0.06794876456417458,0.9841983006554469,0.03902179304120701,1.6,0.017058722109231997
2008-07-21 07:01:34,20965.66775435685,0.33555336927699897,7035.100454116574,4.456832486904622,0.06794876456417458,0.9841983006554469,0.03902179304120701,1.6,0.017058722109231997
2008-07-21 07:03:02,3.345666687620939,0.5726159799276709,1.9157822088434286,4.456832486904622,0.06794876456417458,0.9841983006554469,0.03902179304120701,1.6,0.017058722109231997
2008-07-21 13:11:58,844.9329143828153,0.668319965626681,564.6855362971745,4.456832486904622,0.06794876456417458,0.9841983006554469,0.03902179304120701,1.6,0.017058722109231997
2008-07-22 08:01:17,3421.0582449113062,0.2281929608924909,780.6614102919792,4.456832486904622,0.06794876456417458,0.9841983006554469,0.03902179304120701,1.6,0.017058722109231997
2008-07-22 09:32:16,112450.04680249424,0.02238641466411561,2517.3533767198437,4.456832486904622,0.06794876456417458,0.9841983006554469,0.03902179304120701,1.6,0.017058722109231997
2008-07-24 20:24:00,11684.969020153922,1.619250287843515,18920.889449326794,4.456832486904622,0.06794876456417458,0.9841983006554469,0.03902179304120701,1.6,0.017058722109231997
2008-07-25 00:21:02,1571.4865715790095,12.470460445967111,19597.161132244502,4.456832486904622,0.06794876456417458,0.9841983006554469,0.03902179304120701,1.6,0.017058722109231997
2008-07-29 03:11:21,34796.13516561544,0.587641176424404,20447.64180374483,4.456832486904622,0.06794876456417458,0.9841983006554469,0.03902179304120701,1.6,0.017058722109231997
2008-07-29 11:20:07,698.0761978826191,0.7633064037014354,532.8460321153536,4.456832486904622,0.06794876456417458,0.9841983006554469,0.03902179304120701,1.6,0.017058722109231997
2008-08-03 19:36:10,11689.884128144906,3.106503349233599,36314.66419623484,4.456832486904622,0.06794876456417458,0.9841983006554469,0.03902179304120701,1.6,0.017058722109231997
2008-08-04 22:02:09,13955.049268781615,6.120207634301032,85407.79907184427,4.456832486904622,0.06794876456417458,0.9841983006554469,0.03902179304120701,1.6,0.017058722109231997
2008-08-12 02:42:09,59457.226095547456,0.21550593490605688,12813.385096641756,4.456832486904622,0.06794876456417458,0.9841983006554469,0.03902179304120701,1.6,0.017058722109231997
2008-08-12 02:58:44,118.70611201167738,1.0181777625647264,120.86392353080745,4.456832486904622,0.06794876456417458,0.9841983006554469,0.03902179304120701,1.6,0.017058722109231997
2008-08-17 16:17:44,40199.79593837561,0.4437282002514953,17837.78310221278,4.456832486904622,0.06794876456417458,0.9841983006554469,0.03902179304120701,1.6,0.017058722109231997
2008-08-22 02:02:35,77049.37107868574,4.188483210936468,322719.9971762891,4.456832486904622,0.06794876456417458,0.9841983006554469,0.03902179304120701,1.6,0.017058722109231997
2008-08-22 07:04:41,1785.0565363765988,0.006311709615495231,11.266758504850792,4.456832486904622,0.06794876456417458,0.9841983006554469,0.03902179304120701,1.6,0.017058722109231997
2008-08-23 17:35:19,52650.59883285468,5.848448199578887,307924.2999507592,4.456832486904622,0.06794876456417458,0.9841983006554469,0.03902179304120701,1.6,0.017058722109231997
2008-08-24 05:37:22,53681.859663546515,3.180344066142302,170726.78384044397,4.456832486904622,0.06794876456417458,0.9841983006554469,0.03902179304120701,1.6,0.017058722109231997
2008-08-26 02:05:47,84109.5375523174,0.911003445700386,76624.07852642717,4.456832486904622,0.06794876456417458,0.9841983006554469,0.03902179304120701,1.6,0.017058722109231997
2008-08-28 22:12:50,63330.288673140945,3.827798420260557,242415.57893769396,4.456832486904622,0.06794876456417458,0.9841983006554469,0.03902179304120701,1.6,0.017058722109231997
2008-08-31 06:26:22,93249.07120093884,0.14432440893124582,13458.117084463154,4.456832486904622,0.06794876456417458,0.9841983006554469,0.03902179304120701,1.6,0.017058722109231997
2008-09-15 15:23:30,120368.00626866404,1.3772039390360629,165771.29236712164,4.456832486904622,0.06794876456417458,0.9841983006554469,0.03902179304120701,1.6,0.017058722109231997
2008-09-17 22:10:20,124394.51766934682,2.014133621010106,250547.18030716715,4.456832486904622,0.06794876456417458,0.9841983006554469,0.03902179304120701,1.6,0.017058722109231997
2008-09-18 11:57:29,5742.295325781642,10.234519260784781,58769.63211282663,4.456832486904622,0.06794876456417458,0.9841983006554469,0.03902179304120701,1.6,0.017058722109231997
2008-09-26 23:44:32,140386.4709557298,0.9950277963687812,139688.44083506975,4.456832486904622,0.06794876456417458,0.9841983006554469,0.03902179304120701,1.6,0.017058722109231997
2008-09-27 23:52:25,8821.345239833843,5.305949845521155,46805.61541258516,4.456832486904622,0.06794876456417458,0.9841983006554469,0.03902179304120701,1.6,0.017058722109231997
2008-09-30 09:31:07,146397.24537793966,3.2068659051034802,469476.33480358275,4.456832486904622,0.06794876456417458,0.9841983006554469,0.03902179304120701,1.6,0.017058722109231997
2008-09-30 09:56:47,114.16177716034133,9.870270849299706,1126.807661209966,4.456832486904622,0.06794876456417458,0.9841983006554469,0.03902179304120701,1.6,0.017058722109231997
2008-09-30 14:40:04,1550.1448236532397,0.04664868498350206,72.31221755740633,4.456832486904622,0.06794876456417458,0.9841983006554469,0.03902179304120701,1.6,0.017058722109231997
2008-10-01 00:47:07,4871.961903839269,0.5178318438375965,2522.857015771616,4.456832486904622,0.06794876456417458,0.9841983006554469,0.03902179304120701,1.6,0.017058722109231997
2008-10-01 08:43:09,3486.892953013585,35.41583519466319,123491.22616536159,4.456832486904622,0.06794876456417458,0.9841983006554469,0.03902179304120701,1.6,0.017058722109231997
2008-10-01 22:47:37,12097.823784056141,5.710163157350407,69080.54765583486,4.456832486904622,0.06794876456417458,0.9841983006554469,0.03902179304120701,1.6,0.017058722109231997
2008-10-06 22:14:47,8449.84522588099,3.608331704157025,30489.844423766255,4.456832486904622,0.06794876456417458,0.9841983006554469,0.03902179304120701,1.6,0.017058722109231997
2008-10-06 22:18:41,33.05337854417245,0.03689718095484653,1.2195764893133727,4.456832486904622,0.06794876456417458,0.9841983006554469,0.03902179304120701,1.6,0.017058722109231997
2008-10-14 02:21:51,20625.10485484009,8.336502803864668,171941.2444523772,4.456832486904622,0.06794876456417458,0.9841983006554469,0.03902179304120701,1.6,0.017058722109231997
2008-10-14 06:22:40,20909.019497234236,0.9733092559599335,20350.942209704797,4.456832486904622,0.06794876456417458,0.9841983006554469,0.03902179304120701,1.6,0.017058722109231997
2008-10-17 03:22:20,25789.54540752961,1.3953671743607392,35985.88510335257,4.456832486904622,0.06794876456417458,0.9841983006554469,0.03902179304120701,1.6,0.017058722109231997
2008-10-18 15:14:56,6374.770971178539,0.4935164532728094,3146.0543601224954,4.456832486904622,0.06794876456417458,0.9841983006554469,0.03902179304120701,1.6,0.017058722109231997
2008-10-20 02:55:12,12713.017657626426,1.096196919594346,13935.970795038615,4.456832486904622,0.06794876456417458,0.9841983006554469,0.03902179304120701,1.6,0.017058722109231997
2008-10-23 06:44:37,36214.29609144288,0.7795311264376028,28230.171025307343,4.456832486904622,0.06794876456417458,0.9841983006554469,0.03902179304120701,1.6,0.017058722109231997
2008-10-24 03:36:05,29891.91883783953,0.17895492334036991,5349.306044122132,4.456832486904622,0.06794876456417458,0.9841983006554469,0.03902179304120701,1.6,0.017058722109231997
2008-10-25 01:25:54,9743.427605546101,2.05091330196468,19982.92528294437,4.456832486904622,0.06794876456417458,0.9841983006554469,0.03902179304120701,1.6,0.017058722109231997
2008-10-25 05:00:18,1209.8346854917615,9.766364713572166,11815.68678164242,4.456832486904622,0.06794876456417458,0.9841983006554469,0.03902179304120701,1.6,0.017058722109231997
2008-10-25 06:05:41,525.1317876802568,0.20172771319202826,105.93363465317992,4.456832486904622,0.06794876456417458,0.9841983006554469,0.03902179304120701,1.6,0.017058722109231997
2008-10-28 17:00:31,9224.222836509816,2.8339989841166724,26141.43814793463,4.456832486904622,0.06794876456417458,0.9841983006554469,0.03902179304120701,1.6,0.017058722109231997
2008-10-29 21:05:34,11343.943178529142,0.8002076134640626,9077.509698162736,4.456832486904622,0.06794876456417458,0.9841983006554469,0.03902179304120701,1.6,0.017058722109231997
2008-10-30 02:16:38,2636.360073283909,32.80695903230229,86490.95691862266,4.456832486904622,0.06794876456417458,0.9841983006554469,0.03902179304120701,1.6,0.017058722109231997
2008-11-01 22:07:53,20474.19613494094,1.8741079479673302,38370.85370473481,4.456832486904622,0.06794876456417458,0.9841983006554469,0.03902179304120701,1.6,0.017058722109231997
2008-11-03 21:14:34,75671.11181924834,0.5937976492309611,44933.32831296286,4.456832486904622,0.06794876456417458,0.9841983006554469,0.03902179304120701,1.6,0.017058722109231997
2008-11-03 22:36:00,659.103264434282,6.389232489353115,4211.163990962212,4.456832486904622,0.06794876456417458,0.9841983006554469,0.03902179304120701,1.6,0.017058722109231997
2008-11-07 17:19:22,68638.03931283882,0.578118129479955,39680.894898709994,4.456832486904622,0.06794876456417458,0.9841983006554469,0.03902179304120701,1.6,0.017058722109231997
2008-11-09 10:16:03,40514.452985248325,1.102646191986256,44673.10730459027,4.456832486904622,0.06794876456417458,0.9841983006554469,0.03902179304120701,1.6,0.017058722109231997
2008-11-10 01:56:14,8029.9677034530005,30.12026605107824,241864.7636095701,4.456832486904622,0.06794876456417458,0.9841983006554469,0.03902179304120701,1.6,0.017058722109231997
2008-11-12 11:28:12,48658.27763559706,0.5540239668998623,26957.85199818834,4.456832486904622,0.06794876456417458,0.9841983006554469,0.03902179304120701,1.6,0.017058722109231997
2008-11-12 11:37:23,66.24477034741945,0.30995045328781673,20.532596597129977,4.456832486904622,0.06794876456417458,0.9841983006554469,0.03902179304120701,1.6,0.017058722109231997
2008-11-13 12:54:18,51487.937551332456,0.43074541091078483,22178.192817497526,4.456832486904622,0.06794876456417458,0.9841983006554469,0.03902179304120701,1.6,0.017058722109231997
2008-11-19 08:52:17,67059.2872737276,2.3637759191226064,158513.12841116238,4.456832486904622,0.06794876456417458,0.9841983006554469,0.03902179304120701,1.6,0.017058722109231997
2008-11-21 04:09:45,10455.654728635123,6.645991748311194,69488.19504969995,4.456832486904622,0.06794876456417458,0.9841983006554469,0.03902179304120701,1.6,0.017058722109231997
2008-11-21 15:12:08,86046.25766375344,0.09458390516889528,8138.591075006784,4.456832486904622,0.06794876456417458,0.9841983006554469,0.03902179304120701,1.6,0.017058722109231997
2008-11-26 09:45:11,33776.098488251635,2.0452503811797125,69080.57830786017,4.456832486904622,0.06794876456417458,0.9841983006554469,0.03902179304120701,1.6,0.017058722109231997
2008-12-01 06:34:42,255552.94563655375,0.2360893888812923,60333.33876214809,4.456832486904622,0.06794876456417458,0.9841983006554469,0.03902179304120701,1.6,0.017058722109231997
2008-12-07 05:24:50,456371.5954795168,0.04323379129796904,19730.67431328258,4.456832486904622,0.06794876456417458,0.9841983006554469,0.03902179304120701,1.6,0.017058722109231997
2008-12-08 19:23:13,20690.836334497497,0.2146517846004664,4441.324944076061,4.456832486904622,0.06794876456417458,0.9841983006554469,0.03902179304120701,1.6,0.017058722109231997
2008-12-09 11:28:03,2901.372895468279,0.7546312828530715,2189.466750142358,4.456832486904622,0.06794876456417458,0.9841983006554469,0.03902179304120701,1.6,0.017058722109231997
2008-12-12 02:52:45,14342.575302158373,1.1367700016111786,16304.209349343024,4.456832486904622,0.06794876456417458,0.9841983006554469,0.03902179304120701,1.6,0.017058722109231997
2008-12-12 18:47:39,17214.077438502467,1.0813637330067605,18614.67903916648,4.456832486904622,0.06794876456417458,0.9841983006554469,0.03902179304120701,1.6,0.017058722109231997
2008-12-12 18:58:52,44.46466905091122,22.42336583746985,997.0475409706055,4.456832486904622,0.06794876456417458,0.9841983006554469,0.03902179304120701,1.6,0.017058722109231997
2008-12-14 08:16:55,8916.454496931314,10.156504727612397,90560.0122516237,4.456832486904622,0.06794876456417458,0.9841983006554469,0.03902179304120701,1.6,0.017058722109231997
2008-12-21 15:07:00,588284.7426798365,0.061209059986497526,36008.35610383137,4.456832486904622,0.06794876456417458,0.9841983006554469,0.03902179304120701,1.6,0.017058722109231997
2008-12-28 03:40:27,189750.05959935606,0.14851158986477006,28180.083028035242,4.456832486904622,0.06794876456417458,0.9841983006554469,0.03902179304120701,1.6,0.017058722109231997
2008-12-29 12:38:14,174278.84877318316,0.5234294244549186,91222.67750801305,4.456832486904622,0.06794876456417458,0.9841983006554469,0.03902179304120701,1.6,0.017058722109231997
2008-12-31 15:57:26,322070.45175490994,0.09812744361997038,31603.950096238314,4.456832486904622,0.06794876456417458,0.9841983006554469,0.03902179304120701,1.6,0.017058722109231997
2009-01-06 04:29:27,194732.67986122385,1.139523414358552,221902.44824265264,4.456832486904622,0.06794876456417458,0.9841983006554469,0.03902179304120701,1.6,0.017058722109231997
2009-01-10 01:32:44,169965.7590592855,0.40877088985377247,69477.05457533603,4.456832486904622,0.06794876456417458,0.9841983006554469,0.03902179304120701,1.6,0.017058722109231997
2009-01-10 05:05:12,1629.6414213706908,13.20069265882538,21512.395547605836,4.456832486904622,0.06794876456417458,0.9841983006554469,0.03902179304120701,1.6,0.017058722109231997
2009-01-16 22:47:23,353369.52297183254,1.8259378135149904,645230.774138023,4.456832486904622,0.06794876456417458,0.9841983006554469,0.03902179304120701,1.6,0.017058722109231997
2009-01-17 23:48:57,4086.446986483804,4.33618283168391,17719.58126537752,4.456832486904622,0.06794876456417458,0.9841983006554469,0.03902179304120701,1.6,0.017058722109231997
2009-01-18 08:13:43,5460.147049003488,0.07073322233963811,386.2137952242826,4.456832486904622,0.06794876456417458,0.9841983006554469,0.03902179304120701,1.6,0.017058722109231997
2009-01-18 08:26:00,51.38276702602758,0.14451483627859782,7.42557216430771,4.456832486904622,0.06794876456417458,0.9841983006554469,0.03902179304120701,1.6,0.017058722109231997
2009-01-18 12:24:12,1913.1235048499186,0.09760547754037308,186.73133328458854,4.456832486904622,0.06794876456417458,0.9841983006554469,0.03902179304120701,1.6,0.017058722109231997
2009-01-19 09:23:46,9569.681050339783,15.202638834253175,145484.40476731228,4.456832486904622,0.06794876456417458,0.9841983006554469,0.03902179304120701,1.6,0.017058722109231997
2009-01-22 10:14:45,21465.118040908033,2.591522517935519,55627.33675315712,4.456832486904622,0.06794876456417458,0.9841983006554469,0.03902179304120701,1.6,0.017058722109231997
2009-01-22 19:50:42,23032.540383260693,0.13884578499304734,3197.9711498978945,4.456832486904622,0.06794876456417458,0.9841983006554469,0.03902179304120701,1.6,0.017058722109231997
2009-01-23 00:07:03,1725.7765845618503,0.3640205257043557,628.2180995604723,4.456832486904622,0.06794876456417458,0.9841983006554469,0.03902179304120701,1.6,0.017058722109231997
2009-01-23 00:14:13,68.15040727582787,0.12569217014293857,8.565972586623916,4.456832486904622,0.06794876456417458,0.9841983006554469,0.03902179304120701,1.6,0.017058722109231997
2009-01-23 00:54:23,450.1096666589562,0.07386071788597388,33.24542310684691,4.456832486904622,0.06794876456417458,0.9841983006554469,0.03902179304120701,1.6,0.017058722109231997
2009-01-23 02:26:38,1166.121765690449,0.030058809027045413,35.0522314571702,4.456832486904622,0.06794876456417458,0.9841983006554469,0.03902179304120701,1.6,0.017058722109231997
2009-01-23 02:40:14,84.7891260275518,0.02991305066134452,2.5363014223932825,4.456832486904622,0.06794876456417458,0.9841983006554469,0.03902179304120701,1.6,0.017058722109231997
2009-01-23 04:25:48,742.9439351678865,0.16184429578511275,120.24123799506705,4.456832486904622,0.06794876456417458,0.9841983006554469,0.03902179304120701,1.6,0.017058722109231997
2009-01-23 11:37:05,3431.7775310195507,0.08712345946388333,298.98833061284745,4.456832486904622,0.06794876456417458,0.9841983006554469,0.03902179304120701,1.6,0.017058722109231997
2009-01-23 13:01:53,752.5703478999841,0.01070950752917317,8.059657807067351,4.456832486904622,0.06794876456417458,0.9841983006554469,0.03902179304120701,1.6,0.017058722109231997
2009-01-23 14:39:14,837.7939237525735,0.10745671202544581,90.0265804013486,4.456832486904622,0.06794876456417458,0.9841983006554469,0.03902179304120701,1.6,0.017058722109231997
2009-01-23 18:51:56,9298.615738182092,0.0488933191216266,454.64018667631655,4.456832486904622,0.06794876456417458,0.9841983006554469,0.03902179304120701,1.6,0.017058722109231997
2009-01-23 19:22:28,172.29610881692378,0.8849543361581439,152.4741886007121,4.456832486904622,0.06794876456417458,0.9841983006554469,0.03902179304120701,1.6,0.017058722109231997
2009-01-23 19:45:41,157.50745579039733,0.5542681037896561,87.30135885367662,4.456832486904622,0.06794876456417458,0.9841983006554469,0.03902179304120701,1.6,0.017058722109231997
2009-01-23 19:48:37,25.05316898845488,2.9391619697331737,73.6353215121651,4.456832486904622,0.06794876456417458,0.9841983006554469,0.03902179304120701,1.6,0.017058722109231997
2009-01-23 23:08:27,10470.77393645815,0.009092789510337847,95.2085434145456,4.456832486904622,0.06794876456417458,0.9841983006554469,0.03902179304120701,1.6,0.017058722109231997
2009-01-23 23:15:47,68.14793123214916,0.100355816558504,6.839041285575107,4.456832486904622,0.06794876456417458,0.9841983006554469,0.03902179304120701,1.6,0.017058722109231997
2009-01-24 09:06:07,5041.950258926544,0.06489146056387347,327.17951639214346,4.456832486904622,0.06794876456417458,0.9841983006554469,0.03902179304120701,1.6,0.017058722109231997
2009-01-24 10:14:53,221.57931918236625,0.05356006714729379,11.86780321385918,4.456832486904622,0.06794876456417458,0.9841983006554469,0.03902179304120701,1.6,0.017058722109231997
2009-01-24 10:18:53,34.69055449790226,0.051034291171485294,1.770407859146223,4.456832486904622,0.06794876456417458,0.9841983006554469,0.03902179304120701,1.6,0.017058722109231997
2009-01-24 10:32:14,116.67626443471262,0.7654071693988359,89.30484929700346,4.456832486904622,0.06794876456417458,0.9841983006554469,0.03902179304120701,1.6,0.017058722109231997
2009-01-24 11:14:38,518.1901578124151,0.032976773175666795,17.088239296042993,4.456832486904622,0.06794876456417458,0.9841983006554469,0.03902179304120701,1.6,0.017058722109231997
2009-01-24 11:17:48,20.358866799514523,0.25128699054552833,5.115918368967277,4.456832486904622,0.06794876456417458,0.9841983006554469,0.03902179304120701,1.6,0.017058722109231997
2009-01-25 02:10:23,5758.880505999517,0.028166301431743906,162.20636424137626,4.456832486904622,0.06794876456417458,0.9841983006554469,0.03902179304120701,1.6,0.017058722109231997
2009-01-25 05:51:34,1860.1743396897798,0.14822382986489216,275.722164845216,4.456832486904622,0.06794876456417458,0.9841983006554469,0.03902179304120701,1.6,0.017058722109231997
2009-01-25 06:57:20,570.370533536343,2.8281086898735883,1613.0698623419667,4.456832486904622,0.06794876456417458,0.9841983006554469,0.03902179304120701,1.6,0.017058722109231997
2009-01-25 11:50:04,3109.1409468744905,0.05678467868293694,176.55156964823027,4.456832486904622,0.06794876456417458,0.9841983006554469,0.03902179304120701,1.6,0.017058722109231997
2009-01-25 12:19:32,1948.1697090288624,0.06750317291008913,131.5076367267733,4.456832486904622,0.06794876456417458,0.9841983006554469,0.03902179304120701,1.6,0.017058722109231997
2009-01-25 14:13:19,1025.4060630556453,0.06516709770057842,66.82273709391272,4.456832486904622,0.06794876456417458,0.9841983006554469,0.03902179304120701,1.6,0.017058722109231997
2009-01-25 16:24:41,825.346721573719,0.018159410634224635,14.987810032668232,4.456832486904622,0.06794876456417458,0.9841983006554469,0.03902179304120701,1.6,0.017058722109231997
2009-01-30 00:39:03,44094.28574446305,0.2877364780531954,12687.53448238302,4.456832486904622,0.06794876456417458,0.9841983006554469,0.03902179304120701,1.6,0.017058722109231997
2009-01-30 12:59:37,2000.1630988790678,1.1890323864542724,2378.2587027579507,4.456832486904622,0.06794876456417458,0.9841983006554469,0.03902179304120701,1.6,0.017058722109231997
2009-01-30 20:56:33,3288.2908217382164,1.7764091530031783,5841.34991347211,4.456832486904622,0.06794876456417458,0.9841983006554469,0.03902179304120701,1.6,0.017058722109231997
2009-01-30 21:54:19,3444.310205559498,0.23612122243635675,813.2747361867279,4.456832486904622,0.06794876456417458,0.9841983006554469,0.03902179304120701,1.6,0.017058722109231997
2009-01-30 22:02:04,17.6788069289061,0.9084526511289809,16.060359023362142,4.456832486904622,0.06794876456417458,0.9841983006554469,0.03902179304120701,1.6,0.017058722109231997
2009-01-30 22:23:52,199.5068189255139,0.09118749667359898,18.19252738713061,4.456832486904622,0.06794876456417458,0.9841983006554469,0.03902179304120701,1.6,0.017058722109231997
2009-01-30 23:00:01,149.87066002956524,0.6501793518399666,97.44280859785071,4.456832486904622,0.06794876456417458,0.9841983006554469,0.03902179304120701,1.6,0.017058722109231997
2009-01-31 05:42:10,1285.8470813298154,0.09790378349899743,125.88929426333199,4.456832486904622,0.06794876456417458,0.9841983006554469,0.03902179304120701,1.6,0.017058722109231997
2009-01-31 07:22:39,1296.4458414531139,5.295248547924739,6865.002959417668,4.456832486904622,0.06794876456417458,0.9841983006554469,0.03902179304120701,1.6,0.017058722109231997
2009-01-31 09:05:46,1936.844136554857,0.04254892229558142,82.41063066492511,4.456832486904622,0.06794876456417458,0.9841983006554469,0.03902179304120701,1.6,0.017058722109231997
2009-02-01 05:52:04,13504.606942938144,0.4256864733012253,5748.72850285858,4.456832486904622,0.06794876456417458,0.9841983006554469,0.03902179304120701,1.6,0.017058722109231997
2009-02-03 12:18:52,16367.172279659644,0.27546522500796494,4508.58679476057,4.456832486904622,0.06794876456417458,0.9841983006554469,0.03902179304120701,1.6,0.017058722109231997
2009-02-04 02:39:11,98523.30701447377,0.005018872051244968,494.47587197116974,4.456832486904622,0.06794876456417458,0.9841983006554469,0.03902179304120701,1.6,0.017058722109231997
2009-02-05 01:45:14,16950.934329650383,3.0132855107043595,51078.00480843661,4.456832486904622,0.06794876456417458,0.9841983006554469,0.03902179304120701,1.6,0.017058722109231997
2009-02-06 14:09:05,30532.486641196476,0.6867388751904708,20967.845532743344,4.456832486904622,0.06794876456417458,0.9841983006554469,0.03902179304120701,1.6,0.017058722109231997
2009-02-06 23:33:56,30937.97760088876,0.06213630250087137,1922.3715349740066,4.456832486904622,0.06794876456417458,0.9841983006554469,0.03902179304120701,1.6,0.017058722109231997
2009-02-07 02:31:59,1207.9340633229106,2.349850139717016,2838.4640274682843,4.456832486904622,0.06794876456417458,0.9841983006554469,0.03902179304120701,1.6,0.017058722109231997
2009-02-07 10:30:24,2870.5,0.8391860644648649,2408.8835980463946,4.456832486904622,0.06794876456417458,0.9841983006554469,0.03902179304120701,1.6,0.017058722109231997
2009-02-07 16:59:15,3028.8889698982744,0.018930013617164922,57.33690944505497,4.456832486904622,0.06794876456417458,0.9841983006554469,0.03902179304120701,1.6,0.017058722109231997
2009-02-07 21:33:33,2237.314606581421,1.2189125927760538,2727.0909479638963,4.456832486904622,0.06794876456417458,0.9841983006554469,0.03902179304120701,1.6,0.017058722109231997
2009-02-08 02:27:03,4631.233079172186,0.406326623200513,1881.7932983145483,4.456832486904622,0.06794876456417458,0.9841983006554469,0.03902179304120701,1.6,0.017058722109231997
2009-02-10 15:52:04,74778.4151777135,1.5724490712824999,117585.24949817278,4.456832486904622,0.06794876456417458,0.9841983006554469,0.03902179304120701,1.6,0.017058722109231997
2009-02-13 07:09:42,61421.64676721787,0.016897134619032264,1037.8498339483283,4.456832486904622,0.06794876456417458,0.9841983006554469,0.03902179304120701,1.6,0.017058722109231997
2009-02-13 10:29:58,1501.101018619207,0.039917968129237404,59.92090262000731,4.456832486904622,0.06794876456417458,0.9841983006554469,0.03902179304120701,1.6,0.017058722109231997
2009-02-13 15:39:08,874.3673133990385,0.0153701003636942,13.439113361676881,4.456832486904622,0.06794876456417458,0.9841983006554469,0.03902179304120701,1.6,0.017058722109231997
2009-02-13 16:13:59,193.64399454621451,0.09883832910440571,19.139448862050493,4.456832486904622,0.06794876456417458,0.9841983006554469,0.03902179304120701,1.6,0.017058722109231997
2009-02-13 16:46:33,217.55775036336513,0.07591799376689966,16.516547936026665,4.456832486904622,0.06794876456417458,0.9841983006554469,0.03902179304120701,1.6,0.017058722109231997
2009-02-13 17:37:40,1209.596441856934,3.1904204692165417,3859.1212475918587,4.456832486904622,0.06794876456417458,0.9841983006554469,0.03902179304120701,1.6,0.017058722109231997
2009-02-13 17:50:14,1245.136762843612,0.06076850874851088,75.66510426595454,4.456832486904622,0.06794876456417458,0.9841983006554469,0.03902179304120701,1.6,0.017058722109231997
2009-02-13 18:36:18,950.7295958816658,0.0506408027988832,48.14570998010535,4.456832486904622,0.06794876456417458,0.9841983006554469,0.03902179304120701,1.6,0.017058722109231997
2009-02-14 02:43:23,2752.9608053407464,0.009025063013454316,24.845644741770176,4.456832486904622,0.06794876456417458,0.9841983006554469,0.03902179304120701,1.6,0.017058722109231997
2009-02-14 02:58:22,75.35458662078035,0.1333830291088391,10.051023020724083,4.456832486904622,0.06794876456417458,0.9841983006554469,0.03902179304120701,1.6,0.017058722109231997
2009-02-14 18:37:17,5450.725701032421,1.2187576520471877,6643.113657343534,4.456832486904622,0.06794876456417458,0.9841983006554469,0.03902179304120701,1.6,0.017058722109231997
2009-02-15 04:06:26,7060.3628646585,0.05440970319255712,384.1522478978213,4.456832486904622,0.06794876456417458,0.9841983006554469,0.03902179304120701,1.6,0.017058722109231997
2009-02-15 07:41:40,1742.0506665788614,0.5374024707932221,936.1823324664597,4.456832486904622,0.06794876456417458,0.9841983006554469,0.03902179304120701,1.6,0.017058722109231997
2009-02-15 19:16:38,9634.53794386865,0.10407936936485802,1002.7566333196451,4.456832486904622,0.06794876456417458,0.9841983006554469,0.03902179304120701,1.6,0.017058722109231997
2009-02-16 12:41:54,2844.6468044966173,0.7925628668224995,2254.5614264693013,4.456832486904622,0.06794876456417458,0.9841983006554469,0.03902179304120701,1.6,0.017058722109231997
2009-02-17 06:08:34,5693.103646807791,0.12545319625025192,714.2180490760027,4.456832486904622,0.06794876456417458,0.9841983006554469,0.03902179304120701,1.6,0.017058722109231997
2009-02-17 07:18:12,133.14302983680335,0.050383430208567226,6.708202551539765,4.456832486904622,0.06794876456417458,0.9841983006554469,0.03902179304120701,1.6,0.017058722109231997
2009-02-17 07:48:40,191.39708884629985,2.4369051304717435,466.4165477669042,4.456832486904622,0.06794876456417458,0.9841983006554469,0.03902179304120701,1.6,0.017058722109231997
2009-02-17 09:26:31,378.49204532592466,0.5037756974436141,190.6750941109277,4.456832486904622,0.06794876456417458,0.9841983006554469,0.03902179304120701,1.6,0.017058722109231997
2009-02-17 13:13:04,811.6689731793635,0.06788699377288787,55.10176652787374,4.456832486904622,0.06794876456417458,0.9841983006554469,0.03902179304120701,1.6,0.017058722109231997
2009-02-17 18:13:06,1004.5481481025055,0.11005255081696515,110.55308611713922,4.456832486904622,0.06794876456417458,0.9841983006554469,0.03902179304120701,1.6,0.017058722109231997
2009-02-17 20:40:12,332.9767599870753,1.0881196343021808,362.3185503082614,4.456832486904622,0.06794876456417458,0.9841983006554469,0.03902179304120701,1.6,0.017058722109231997
2009-02-19 11:07:00,6077.35151940101,0.0917799999352012,557.7793220568195,4.456832486904622,0.06794876456417458,0.9841983006554469,0.03902179304120701,1.6,0.017058722109231997
2009-02-20 04:43:12,8096.86805525977,0.2814325193452029,2278.7219755974506,4.456832486904622,0.06794876456417458,0.9841983006554469,0.03902179304120701,1.6,0.017058722109231997
2009-02-21 17:04:10,19127.856728479906,0.07844903533718359,1500.561908417105,4.456832486904622,0.06794876456417458,0.9841983006554469,0.03902179304120701,1.6,0.017058722109231997
2009-02-22 03:48:14,2438.271562009259,1.8143846690264231,4423.962541032709,4.456832486904622,0.06794876456417458,0.9841983006554469,0.03902179304120701,1.6,0.017058722109231997
2009-02-22 07:03:40,3178.1321441467335,4.598253605772011,14613.85759144265,4.456832486904622,0.06794876456417458,0.9841983006554469,0.03902179304120701,1.6,0.017058722109231997
2009-02-24 18:56:15,20741.408698566695,0.06760827990972468,1402.2909650146953,4.456832486904622,0.06794876456417458,0.9841983006554469,0.03902179304120701,1.6,0.017058722109231997
2009-02-25 22:45:28,55179.38087741914,0.008974976300078829,495.2336356278597,4.456832486904622,0.06794876456417458,0.9841983006554469,0.03902179304120701,1.6,0.017058722109231997
2009-02-25 23:40:01,499.22463176086166,0.05469363684346728,27.304410712842248,4.456832486904622,0.06794876456417458,0.9841983006554469,0.03902179304120701,1.6,0.017058722109231997
2009-02-26 21:03:42,11929.14048052582,0.12384861371920118,1477.4075113747283,4.456832486904622,0.06794876456417458,0.9841983006554469,0.03902179304120701,1.6,0.017058722109231997
2009-02-28 08:56:15,34595.06301425201,0.3877940918926958,13415.761045582445,4.456832486904622,0.06794876456417458,0.9841983006554469,0.03902179304120701,1.6,0.017058722109231997
2009-03-02 13:31:17,36640.24160226245,2.4394761101724143,89382.99405966468,4.456832486904622,0.06794876456417458,0.9841983006554469,0.03902179304120701,1.6,0.017058722109231997
2009-03-02 21:15:53,50016.177984148264,0.03249910330090406,1625.4809350232379,4.456832486904622,0.06794876456417458,0.9841983006554469,0.03902179304120701,1.6,0.017058722109231997
2009-03-05 08:49:13,262156.7477867951,1.3328203419685078,349407.8462345481,4.456832486904622,0.06794876456417458,0.9841983006554469,0.03902179304120701,1.6,0.017058722109231997
2009-03-05 09:56:49,586.2703710145482,4.6910451246998806,2750.2207657037866,4.456832486904622,0.06794876456417458,0.9841983006554469,0.03902179304120701,1.6,0.017058722109231997
2009-03-10 11:25:28,58426.59045122378,0.08500037077308559,4966.281851361244,4.456832486904622,0.06794876456417458,0.9841983006554469,0.03902179304120701,1.6,0.017058722109231997
2009-03-11 21:55:49,6619.802324583323,0.05085531048113016,336.65210254039204,4.456832486904622,0.06794876456417458,0.9841983006554469,0.03902179304120701,1.6,0.017058722109231997
2009-03-13 13:09:52,3336.6982486952193,0.09323598333097238,311.1003422958322,4.456832486904622,0.06794876456417458,0.9841983006554469,0.03902179304120701,1.6,0.017058722109231997
2009-03-13 13:49:15,349.5133121241475,0.07956880192572917,27.810355502811845,4.456832486904622,0.06794876456417458,0.9841983006554469,0.03902179304120701,1.6,0.017058722109231997
2009-03-13 15:29:56,693.599602746267,0.10145107226799013,70.36642342326078,4.456832486904622,0.06794876456417458,0.9841983006554469,0.03902179304120701,1.6,0.017058722109231997
2009-03-13 20:22:07,832.6388864747346,8.64293853601058,7196.446718493423,4.456832486904622,0.06794876456417458,0.9841983006554469,0.03902179304120701,1.6,0.017058722109231997
2009-03-15 01:09:18,6397.541230580656,0.044341035701879764,283.6736041094247,4.456832486904622,0.06794876456417458,0.9841983006554469,0.03902179304120701,1.6,0.017058722109231997
2009-03-15 03:46:15,6620.006679544235,0.1052079698783522,696.4774633359802,4.456832486904622,0.06794876456417458,0.9841983006554469,0.03902179304120701,1.6,0.017058722109231997
2009-03-15 22:54:51,8248.065390468528,3.362801984634178,27736.61066446004,4.456832486904622,0.06794876456417458,0.9841983006554469,0.03902179304120701,1.6,0.017058722109231997
2009-03-16 21:53:49,10202.652447530081,0.11618705608957983,1185.4161521836666,4.456832486904622,0.06794876456417458,0.9841983006554469,0.03902179304120701,1.6,0.017058722109231997
2009-03-18 08:21:06,13132.879366197973,6.431087595404081,84458.697583894,4.456832486904622,0.06794876456417458,0.9841983006554469,0.03902179304120701,1.6,0.017058722109231997
2009-03-18 09:23:09,13220.830822764969,0.055648819096492656,735.7236227613819,4.456832486904622,0.06794876456417458,0.9841983006554469,0.03902179304120701,1.6,0.017058722109231997
2009-03-18 12:01:48,564.8606569883475,0.09351753682563863,52.824377291262216,4.456832486904622,0.06794876456417458,0.9841983006554469,0.03902179304120701,1.6,0.017058722109231997
2009-03-22 07:02:55,20008.730485058615,0.027986471948998205,559.9737744551581,4.456832486904622,0.06794876456417458,0.9841983006554469,0.03902179304120701,1.6,0.017058722109231997
2009-03-24 08:27:55,9627.775349705344,0.007321258262892776,70.48742983230564,4.456832486904622,0.06794876456417458,0.9841983006554469,0.03902179304120701,1.6,0.017058722109231997
2009-03-26 02:10:39,17754.505296940606,0.10382962946788889,1843.4437063670136,4.456832486904622,0.06794876456417458,0.9841983006554469,0.03902179304120701,1.6,0.017058722109231997
2009-03-26 05:15:47,842.6279703424171,0.03521951254608437,29.676946373156365,4.456832486904622,0.06794876456417458,0.9841983006554469,0.03902179304120701,1.6,0.017058722109231997
2009-03-27 07:19:31,7959.906210296229,0.07892202768819873,628.211938324464,4.456832486904622,0.06794876456417458,0.9841983006554469,0.03902179304120701,1.6,0.017058722109231997
2009-03-27 08:12:18,225.94256948523008,0.19653215223875298,44.40497946328626,4.456832486904622,0.06794876456417458,0.9841983006554469,0.03902179304120701,1.6,0.017058722109231997
2009-03-28 01:42:42,49630.65471870104,0.007315164403846364,363.0563987378314,4.456832486904622,0.06794876456417458,0.9841983006554469,0.03902179304120701,1.6,0.017058722109231997
2009-03-28 10:49:55,2103.5874283278868,0.11742081434857565,247.00494888768648,4.456832486904622,0.06794876456417458,0.9841983006554469,0.03902179304120701,1.6,0.017058722109231997
2009-03-28 20:31:23,4338.8372745040915,0.10262222730062039,445.2611450045631,4.456832486904622,0.06794876456417458,0.9841983006554469,0.03902179304120701,1.6,0.017058722109231997
2009-03-29 02:09:08,1166.1290330137485,0.0276123308087134,32.19954062522069,4.456832486904622,0.06794876456417458,0.9841983006554469,0.03902179304120701,1.6,0.017058722109231997
2009-03-30 13:38:39,38076.15341149291,0.009154990925194189,348.58683894851936,4.456832486904622,0.06794876456417458,0.9841983006554469,0.03902179304120701,1.6,0.017058722109231997
2009-03-30 13:41:23,1.1610310863899864,0.016395487901838257,0.01903567113056515,4.456832486904622,0.06794876456417458,0.9841983006554469,0.03902179304120701,1.6,0.017058722109231997
2009-03-30 13:41:23,1.1610310863899864,0.016395487901838257,0.01903567113056515,4.456832486904622,0.06794876456417458,0.9841983006554469,0.03902179304120701,1.6,0.017058722109231997
2009-03-30 13:43:27,2.0388838590263174,0.003148407411829055,0.006419237053617084,4.456832486904622,0.06794876456417458,0.9841983006554469,0.03902179304120701,1.6,0.017058722109231997
2009-03-30 13:53:34,6.336114770238035,0.02386879543460623,0.15123542730099873,4.456832486904622,0.06794876456417458,0.9841983006554469,0.03902179304120701,1.6,0.017058722109231997
2009-03-30 13:57:10,7.865277664507774,0.055577138375466656,0.43712962512181575,4.456832486904622,0.06794876456417458,0.9841983006554469,0.03902179304120701,1.6,0.017058722109231997
2009-03-30 14:01:09,9.557268089185863,0.20218900985026908,1.9323745718260628,4.456832486904622,0.06794876456417458,0.9841983006554469,0.03902179304120701,1.6,0.017058722109231997
2009-03-30 14:10:44,13.627956349394656,0.007642319891868921,0.10414920189450014,4.456832486904622,0.06794876456417458,0.9841983006554469,0.03902179304120701,1.6,0.017058722109231997
2009-03-30 14:11:01,0.7710790815173559,11.483477972909427,8.85466964797579,4.456832486904622,0.06794876456417458,0.9841983006554469,0.03902179304120701,1.6,0.017058722109231997
2009-03-30 14:16:06,15.907541775111582,0.0038239603773035365,0.06082980944832746,4.456832486904622,0.06794876456417458,0.9841983006554469,0.03902179304120701,1.6,0.017058722109231997
2009-03-30 14:33:46,23.411767089583446,0.029913821009442728,0.7003354102325611,4.456832486904622,0.06794876456417458,0.9841983006554469,0.03902179304120701,1.6,0.017058722109231997
2009-03-30 14:37:00,24.785181911288674,0.015121870691966952,0.3747983159393856,4.456832486904622,0.06794876456417458,0.9841983006554469,0.03902179304120701,1.6,0.017058722109231997
2009-03-30 14:47:08,29.08949228034423,0.01907727374566957,0.5549482073546687,4.456832486904622,0.06794876456417458,0.9841983006554469,0.03902179304120701,1.6,0.017058722109231997
2009-03-30 14:50:01,30.31423848732879,0.01853746075971103,0.5619490064193793,4.456832486904622,0.06794876456417458,0.9841983006554469,0.03902179304120701,1.6,0.017058722109231997
2009-03-30 15:27:07,46.073111647719706,0.030488419863617392,1.4046963723389994,4.456832486904622,0.06794876456417458,0.9841983006554469,0.03902179304120701,1.6,0.017058722109231997
2009-03-30 15:51:08,56.27461040069513,0.014469812602978206,0.8142830668036668,4.456832486904622,0.06794876456417458,0.9841983006554469,0.03902179304120701,1.6,0.017058722109231997
2009-03-30 16:14:23,66.15045409285386,0.015858729908819792,1.0490621848043522,4.456832486904622,0.06794876456417458,0.9841983006554469,0.03902179304120701,1.6,0.017058722109231997
2009-03-30 16:57:24,84.42253478780846,0.01339603218463655,1.1309269931260808,4.456832486904622,0.06794876456417458,0.9841983006554469,0.03902179304120701,1.6,0.017058722109231997
2009-03-30 17:11:33,90.4329944972298,0.013522682474008417,1.222896669759789,4.456832486904622,0.06794876456417458,0.9841983006554469,0.03902179304120701,1.6,0.017058722109231997
2009-03-30 18:14:21,117.10839165282411,0.03747214089144443,4.38830215158508,4.456832486904622,0.06794876456417458,0.9841983006554469,0.03902179304120701,1.6,0.017058722109231997
2009-03-30 18:15:49,117.73138394308215,0.01222692006335325,1.4394922204200158,4.456832486904622,0.06794876456417458,0.9841983006554469,0.03902179304120701,1.6,0.017058722109231997
2009-03-30 19:05:28,138.82108885988563,0.017023571179412597,2.3632306874098243,4.456832486904622,0.06794876456417458,0.9841983006554469,0.03902179304120701,1.6,0.017058722109231997
2009-03-30 19:12:06,7.2424094172677345,0.04428566129965294,0.3207348904465357,4.456832486904622,0.06794876456417458,0.9841983006554469,0.03902179304120701,1.6,0.017058722109231997
2009-03-30 19:13:33,8.82554916425842,0.010836021510745301,0.09563384058804446,4.456832486904622,0.06794876456417458,0.9841983006554469,0.03902179304120701,1.6,0.017058722109231997
2009-03-30 19:20:31,16.431898753248152,0.0112778680284378,0.1853167855957843,4.456832486904622,0.06794876456417458,0.9841983006554469,0.03902179304120701,1.6,0.017058722109231997
2009-03-30 19:32:51,29.89768510696203,0.01718705268191564,0.513853089000681,4.456832486904622,0.06794876456417458,0.9841983006554469,0.03902179304120701,1.6,0.017058722109231997
2009-03-30 20:04:44,163.99564095258557,0.016357045057063205,2.682484088223402,4.456832486904622,0.06794876456417458,0.9841983006554469,0.03902179304120701,1.6,0.017058722109231997
2009-03-30 20:17:52,169.57425373353257,0.12792145057637805,21.69218451800028,4.456832486904622,0.06794876456417458,0.9841983006554469,0.03902179304120701,1.6,0.017058722109231997
2009-03-30 20:19:35,80.92209718238597,0.059542836087668846,4.818331168401217,4.456832486904622,0.06794876456417458,0.9841983006554469,0.03902179304120701,1.6,0.017058722109231997
2009-03-30 20:43:06,180.29255290910842,0.005976788924177257,1.0775705333388013,4.456832486904622,0.06794876456417458,0.9841983006554469,0.03902179304120701,1.6,0.017058722109231997
2009-03-30 21:17:27,144.1021109933246,0.018510166075478566,2.667354006313484,4.456832486904622,0.06794876456417458,0.9841983006554469,0.03902179304120701,1.6,0.017058722109231997
2009-03-30 21:57:17,211.80321977204642,0.008382716900850046,1.77548643003759,4.456832486904622,0.06794876456417458,0.9841983006554469,0.03902179304120701,1.6,0.017058722109231997
2009-03-30 23:25:15,249.16859827184123,0.024741162389416982,6.164720752187027,4.456832486904622,0.06794876456417458,0.9841983006554469,0.03902179304120701,1.6,0.017058722109231997
2009-03-30 23:46:13,106.82232926010654,0.02196904992910991,2.3467850850590994,4.456832486904622,0.06794876456417458,0.9841983006554469,0.03902179304120701,1.6,0.017058722109231997
2009-03-31 01:25:31,300.25396607300064,0.03334896756921477,10.013159777096611,4.456832486904622,0.06794876456417458,0.9841983006554469,0.03902179304120701,1.6,0.017058722109231997
2009-03-31 06:04:52,418.912758993626,0.014970426874600548,6.271302825351242,4.456832486904622,0.06794876456417458,0.9841983006554469,0.03902179304120701,1.6,0.017058722109231997
2009-03-31 06:48:05,108.93125740520729,0.0833876020911409,9.083516347793072,4.456832486904622,0.06794876456417458,0.9841983006554469,0.03902179304120701,1.6,0.017058722109231997
2009-03-31 07:46:49,462.2178026244037,0.02054868522496471,9.49796813150374,4.456832486904622,0.06794876456417458,0.9841983006554469,0.03902179304120701,1.6,0.017058722109231997
2009-03-31 08:13:58,473.75023945202133,0.015309646383850885,7.252948640275129,4.456832486904622,0.06794876456417458,0.9841983006554469,0.03902179304120701,1.6,0.017058722109231997
2009-03-31 08:20:06,37.36782485074597,0.1842345908320671,6.884445921661533,4.456832486904622,0.06794876456417458,0.9841983006554469,0.03902179304120701,1.6,0.017058722109231997
2009-03-31 09:06:31,496.0717700336532,0.10030092258674056,49.756456203612814,4.456832486904622,0.06794876456417458,0.9841983006554469,0.03902179304120701,1.6,0.017058722109231997
2009-03-31 11:14:10,550.2933376596343,0.016715077356784284,9.198195707903801,4.456832486904622,0.06794876456417458,0.9841983006554469,0.03902179304120701,1.6,0.017058722109231997
2009-03-31 11:46:47,64.30442003487562,0.2946858433377106,18.949602248319696,4.456832486904622,0.06794876456417458,0.9841983006554469,0.03902179304120701,1.6,0.017058722109231997
2009-03-31 12:23:09,136.002041146832,0.05891264238000392,8.012239613033891,4.456832486904622,0.06794876456417458,0.9841983006554469,0.03902179304120701,1.6,0.017058722109231997
2009-03-31 13:40:38,612.5076131913124,0.01811665121652864,11.096586795655444,4.456832486904622,0.06794876456417458,0.9841983006554469,0.03902179304120701,1.6,0.017058722109231997
2009-03-31 15:57:37,670.6936772098447,0.011659889020090757,7.820213842743363,4.456832486904622,0.06794876456417458,0.9841983006554469,0.03902179304120701,1.6,0.017058722109231997
2009-03-31 16:30:02,684.4632227161162,0.013232746473067696,9.057328296341236,4.456832486904622,0.06794876456417458,0.9841983006554469,0.03902179304120701,1.6,0.017058722109231997
2009-03-31 17:08:48,2060.5610144907837,0.00820521774155986,16.90735179366636,4.456832486904622,0.06794876456417458,0.9841983006554469,0.03902179304120701,1.6,0.017058722109231997
2009-03-31 19:28:17,760.1780243559997,0.07844842379689702,59.63476781576737,4.456832486904622,0.06794876456417458,0.9841983006554469,0.03902179304120701,1.6,0.017058722109231997
2009-03-31 20:22:09,783.0588321072951,0.01798735330257262,14.085155869813814,4.456832486904622,0.06794876456417458,0.9841983006554469,0.03902179304120701,1.6,0.017058722109231997
2009-04-01 01:44:47,920.1029770483765,0.028778840220967168,26.47949656331145,4.456832486904622,0.06794876456417458,0.9841983006554469,0.03902179304120701,1.6,0.017058722109231997
2009-04-01 02:56:51,950.7145527651467,0.02250538674645934,21.39619869546675,4.456832486904622,0.06794876456417458,0.9841983006554469,0.03902179304120701,1.6,0.017058722109231997
2009-04-01 05:37:36,1018.9959236689967,0.05987219925834771,61.00952698535425,4.456832486904622,0.06794876456417458,0.9841983006554469,0.03902179304120701,1.6,0.017058722109231997
2009-04-01 10:23:28,1140.4227846065642,0.020918764826169882,23.856236033590505,4.456832486904622,0.06794876456417458,0.9841983006554469,0.03902179304120701,1.6,0.017058722109231997
2009-04-01 15:15:38,1264.5256806091036,0.0307417680993132,38.87375522891125,4.456832486904622,0.06794876456417458,0.9841983006554469,0.03902179304120701,1.6,0.017058722109231997
2009-04-01 15:15:38,1264.5256806091036,0.031279627835273535,39.553892677598725,4.456832486904622,0.06794876456417458,0.9841983006554469,0.03902179304120701,1.6,0.017058722109231997
2009-04-01 15:56:55,2938.5803255435044,0.003316831062469897,9.746774503325597,4.456832486904622,0.06794876456417458,0.9841983006554469,0.03902179304120701,1.6,0.017058722109231997
2009-04-01 17:14:11,1314.8818642523472,0.016822820905713215,22.12002211448755,4.456832486904622,0.06794876456417458,0.9841983006554469,0.03902179304120701,1.6,0.017058722109231997
2009-04-01 18:24:18,1344.665143401388,0.1611784273932656,216.73101318397568,4.456832486904622,0.06794876456417458,0.9841983006554469,0.03902179304120701,1.6,0.017058722109231997
2009-04-01 18:33:59,1348.7783084086598,0.037628230806519426,50.75214149562789,4.456832486904622,0.06794876456417458,0.9841983006554469,0.03902179304120701,1.6,0.017058722109231997
2009-04-01 21:51:00,1432.4645795807087,0.09551429619655788,136.82084614514957,4.456832486904622,0.06794876456417458,0.9841983006554469,0.03902179304120701,1.6,0.017058722109231997
2009-04-01 23:35:18,1476.767826767468,0.12841413476060037,189.6378627166366,4.456832486904622,0.06794876456417458,0.9841983006554469,0.03902179304120701,1.6,0.017058722109231997
2009-04-01 23:43:25,1480.215522737419,0.011941203131015606,17.67555423468997,4.456832486904622,0.06794876456417458,0.9841983006554469,0.03902179304120701,1.6,0.017058722109231997
2009-04-01 23:58:08,3463.982554449965,0.0014349723733206542,4.970719267300408,4.456832486904622,0.06794876456417458,0.9841983006554469,0.03902179304120701,1.6,0.017058722109231997
2009-04-02 00:09:07,228.07851345553763,0.09559767822858413,21.80377634017628,4.456832486904622,0.06794876456417458,0.9841983006554469,0.03902179304120701,1.6,0.017058722109231997
2009-04-02 05:24:52,1625.2523755841971,0.4369636680306094,710.1762395107323,4.456832486904622,0.06794876456417458,0.9841983006554469,0.03902179304120701,1.6,0.017058722109231997
2009-04-02 06:22:08,1649.5773927356363,0.013092917968013408,21.597781484977123,4.456832486904622,0.06794876456417458,0.9841983006554469,0.03902179304120701,1.6,0.017058722109231997
2009-04-02 09:46:18,22631.765015501715,0.002088689211444907,47.27072342383471,4.456832486904622,0.06794876456417458,0.9841983006554469,0.03902179304120701,1.6,0.017058722109231997
2009-04-02 11:11:54,1772.6608468086624,0.011489164205026187,20.366391548805492,4.456832486904622,0.06794876456417458,0.9841983006554469,0.03902179304120701,1.6,0.017058722109231997
2009-04-03 04:44:42,2219.8560398884347,0.027356629464166636,60.72777914702022,4.456832486904622,0.06794876456417458,0.9841983006554469,0.03902179304120701,1.6,0.017058722109231997
2009-04-03 04:49:39,6.497652023130173,0.0353334358067653,0.2295843706539686,4.456832486904622,0.06794876456417458,0.9841983006554469,0.03902179304120701,1.6,0.017058722109231997
2009-04-03 04:59:06,18.902260430924137,0.05608221034231236,1.0600805454322553,4.456832486904622,0.06794876456417458,0.9841983006554469,0.03902179304120701,1.6,0.017058722109231997
2009-04-03 05:08:31,31.263113606239113,0.06479778524630679,2.025780521587974,4.456832486904622,0.06794876456417458,0.9841983006554469,0.03902179304120701,1.6,0.017058722109231997
2009-04-03 05:10:35,33.97593801993656,0.03975498357783972,1.350712858024278,4.456832486904622,0.06794876456417458,0.9841983006554469,0.03902179304120701,1.6,0.017058722109231997
2009-04-03 05:13:47,38.1764403379197,0.032519468839430465,1.2414775619693559,4.456832486904622,0.06794876456417458,0.9841983006554469,0.03902179304120701,1.6,0.017058722109231997
2009-04-03 05:48:04,83.178696942562,0.03310559092572893,2.753679914715637,4.456832486904622,0.06794876456417458,0.9841983006554469,0.03902179304120701,1.6,0.017058722109231997
2009-04-03 06:43:25,155.83426047392666,0.03483451623477954,5.428411076413862,4.456832486904622,0.06794876456417458,0.9841983006554469,0.03902179304120701,1.6,0.017058722109231997
2009-04-03 07:18:37,92.90603243401591,0.1728437390495795,16.058226026156817,4.456832486904622,0.06794876456417458,0.9841983006554469,0.03902179304120701,1.6,0.017058722109231997
2009-04-03 17:10:52,979.4608790422149,0.05865059328182147,57.44596165216028,4.456832486904622,0.06794876456417458,0.9841983006554469,0.03902179304120701,1.6,0.017058722109231997
2009-04-04 07:57:26,2913.3880481025117,0.026804758790501024,78.09266389251641,4.456832486904622,0.06794876456417458,0.9841983006554469,0.03902179304120701,1.6,0.017058722109231997
2009-04-04 13:32:20,3055.6426740166603,1.1971506223048274,3658.0645287402317,4.456832486904622,0.06794876456417458,0.9841983006554469,0.03902179304120701,1.6,0.017058722109231997
2009-04-04 20:40:15,3237.407754157288,0.02267948763456324,73.42274912844935,4.456832486904622,0.06794876456417458,0.9841983006554469,0.03902179304120701,1.6,0.017058722109231997
2009-04-05 04:24:54,3434.7759593857418,0.021862726473153852,75.09356729661508,4.456832486904622,0.06794876456417458,0.9841983006554469,0.03902179304120701,1.6,0.017058722109231997
2009-04-05 20:48:54,3852.747150486137,0.007362576894166042,28.36614714923329,4.456832486904622,0.06794876456417458,0.9841983006554469,0.03902179304120701,1.6,0.017058722109231997
2009-04-05 22:39:42,69.07819973421132,0.02528717683609113,1.746792652197825,4.456832486904622,0.06794876456417458,0.9841983006554469,0.03902179304120701,1.6,0.017058722109231997
2009-04-06 00:01:00,77.90974734648721,0.08492440138832485,6.616438655716057,4.456832486904622,0.06794876456417458,0.9841983006554469,0.03902179304120701,1.6,0.017058722109231997
2009-04-06 00:36:32,223.24780644445178,0.03670941719248539,8.195296864076608,4.456832486904622,0.06794876456417458,0.9841983006554469,0.03902179304120701,1.6,0.017058722109231997
2009-04-06 01:32:40,176.91417398836973,0.0636818183420313,11.266216290057878,4.456832486904622,0.06794876456417458,0.9841983006554469,0.03902179304120701,1.6,0.017058722109231997
